Time Interval, Browse Path, Value Source, Data Type
0,Well1_Flow/Value,"sine(600,800,1000,true)",Double
0,Well1_Flow/Max,1000,Double
0,Well1_Flow/Min,0,Double
0,Well1_Flow/SIM,FALSE,Boolean
0,Well1_Flow/CAL,FALSE,Boolean
0,Well1_Flow/Alarm_HiHi_Alm,FALSE,Boolean
0,Well1_Flow/Alarm_HiHi_Delay,5,Double
0,Well1_Flow/Alarm_HiHi_Enable,TRUE,Boolean
0,Well1_Flow/Alarm_HiHi_SP,900,Double
0,Well1_Flow/Alarm_Hi_Alm,FALSE,Boolean
0,Well1_Flow/Alarm_Hi_Delay,5,Double
0,Well1_Flow/Alarm_Hi_Enable,TRUE,Boolean
0,Well1_Flow/Alarm_Hi_SP,850,Double
0,Well1_Flow/Alarm_Lo_Alm,FALSE,Boolean
0,Well1_Flow/Alarm_Lo_Delay,5,Double
0,Well1_Flow/Alarm_Lo_Enable,FALSE,Boolean
0,Well1_Flow/Alarm_Lo_SP,0,Double
0,Well1_Flow/Alarm_LoLo_Alm,FALSE,Boolean
0,Well1_Flow/Alarm_LoLo_Delay,5,Double
0,Well1_Flow/Alarm_LoLo_Enable,FALSE,Boolean
0,Well1_Flow/Alarm_LoLo_SP,0,Double
0,Well1_Flow_TOT/CD,"ramp(0,1000000,17280)",Double
0,Well1_Flow_TOT/PD,"ramp(329934,729934,17280)",Double
0,Well1_Flow_TOT/CM,"ramp(15000000,30000000,518400)",Double
0,Well1_Flow_TOT/PM,"ramp(10481760,22481760,17280)",Double
0,Well1_Flow_TOT/TOT,"ramp(120000000,360000000,6220800)",Double
0,Well1_Flow_TOT/TOT_Reset,FALSE,Boolean
0,Well2_Flow/Value,"sine(500,700,1000,true)",Double
0,Well2_Flow/Max,1000,Double
0,Well2_Flow/Min,0,Double
0,Well2_Flow/SIM,FALSE,Boolean
0,Well2_Flow/CAL,FALSE,Boolean
0,Well2_Flow/Alarm_HiHi_Alm,FALSE,Boolean
0,Well2_Flow/Alarm_HiHi_Delay,5,Double
0,Well2_Flow/Alarm_HiHi_Enable,TRUE,Boolean
0,Well2_Flow/Alarm_HiHi_SP,900,Double
0,Well2_Flow/Alarm_Hi_Alm,FALSE,Boolean
0,Well2_Flow/Alarm_Hi_Delay,5,Double
0,Well2_Flow/Alarm_Hi_Enable,TRUE,Boolean
0,Well2_Flow/Alarm_Hi_SP,850,Double
0,Well2_Flow/Alarm_Lo_Alm,FALSE,Boolean
0,Well2_Flow/Alarm_Lo_Delay,5,Double
0,Well2_Flow/Alarm_Lo_Enable,FALSE,Boolean
0,Well2_Flow/Alarm_Lo_SP,0,Double
0,Well2_Flow/Alarm_LoLo_Alm,FALSE,Boolean
0,Well2_Flow/Alarm_LoLo_Delay,5,Double
0,Well2_Flow/Alarm_LoLo_Enable,FALSE,Boolean
0,Well2_Flow/Alarm_LoLo_SP,0,Double
0,Well2_Flow_TOT/CD,"ramp(0,800000,17280)",Double
0,Well2_Flow_TOT/PD,"ramp(329934,629934,17280)",Double
0,Well2_Flow_TOT/CM,"ramp(1000000,10000000,518400)",Double
0,Well2_Flow_TOT/PM,"ramp(10481760,12481760,17280)",Double
0,Well2_Flow_TOT/TOT,"ramp(60000000,120000000,6220800)",Double
0,Well2_Flow_TOT/TOT_Reset,FALSE,Boolean
0,Well3_Flow/Value,"sine(400,600,1000,true)",Double
0,Well3_Flow/Max,1000,Double
0,Well3_Flow/Min,0,Double
0,Well3_Flow/SIM,FALSE,Boolean
0,Well3_Flow/CAL,FALSE,Boolean
0,Well3_Flow/Alarm_HiHi_Alm,FALSE,Boolean
0,Well3_Flow/Alarm_HiHi_Delay,5,Double
0,Well3_Flow/Alarm_HiHi_Enable,TRUE,Boolean
0,Well3_Flow/Alarm_HiHi_SP,900,Double
0,Well3_Flow/Alarm_Hi_Alm,FALSE,Boolean
0,Well3_Flow/Alarm_Hi_Delay,5,Double
0,Well3_Flow/Alarm_Hi_Enable,TRUE,Boolean
0,Well3_Flow/Alarm_Hi_SP,850,Double
0,Well3_Flow/Alarm_Lo_Alm,FALSE,Boolean
0,Well3_Flow/Alarm_Lo_Delay,5,Double
0,Well3_Flow/Alarm_Lo_Enable,FALSE,Boolean
0,Well3_Flow/Alarm_Lo_SP,0,Double
0,Well3_Flow/Alarm_LoLo_Alm,FALSE,Boolean
0,Well3_Flow/Alarm_LoLo_Delay,5,Double
0,Well3_Flow/Alarm_LoLo_Enable,FALSE,Boolean
0,Well3_Flow/Alarm_LoLo_SP,0,Double
0,Well3_Flow_TOT/CD,"ramp(0,100000,17280)",Double
0,Well3_Flow_TOT/PD,"ramp(629934,729934,17280)",Double
0,Well3_Flow_TOT/CM,"ramp(11000000,20000000,518400)",Double
0,Well3_Flow_TOT/PM,"ramp(12481760,22481760,17280)",Double
0,Well3_Flow_TOT/TOT,"ramp(90000000,180000000,6220800)",Double
0,Well3_Flow_TOT/TOT_Reset,FALSE,Boolean
0,Well4_Flow/Value,"sine(800,1100,1000,true)",Double
0,Well4_Flow/Max,1500,Double
0,Well4_Flow/Min,0,Double
0,Well4_Flow/SIM,FALSE,Boolean
0,Well4_Flow/CAL,FALSE,Boolean
0,Well4_Flow/Alarm_HiHi_Alm,FALSE,Boolean
0,Well4_Flow/Alarm_HiHi_Delay,5,Double
0,Well4_Flow/Alarm_HiHi_Enable,TRUE,Boolean
0,Well4_Flow/Alarm_HiHi_SP,1300,Double
0,Well4_Flow/Alarm_Hi_Alm,FALSE,Boolean
0,Well4_Flow/Alarm_Hi_Delay,5,Double
0,Well4_Flow/Alarm_Hi_Enable,TRUE,Boolean
0,Well4_Flow/Alarm_Hi_SP,1200,Double
0,Well4_Flow/Alarm_Lo_Alm,FALSE,Boolean
0,Well4_Flow/Alarm_Lo_Delay,5,Double
0,Well4_Flow/Alarm_Lo_Enable,FALSE,Boolean
0,Well4_Flow/Alarm_Lo_SP,0,Double
0,Well4_Flow/Alarm_LoLo_Alm,FALSE,Boolean
0,Well4_Flow/Alarm_LoLo_Delay,5,Double
0,Well4_Flow/Alarm_LoLo_Enable,FALSE,Boolean
0,Well4_Flow/Alarm_LoLo_SP,0,Double
0,Well4_Flow_TOT/CD,"ramp(0,3000000,17280)",Double
0,Well4_Flow_TOT/PD,"ramp(529934,729934,17280)",Double
0,Well4_Flow_TOT/CM,"ramp(20000000,40000000,518400)",Double
0,Well4_Flow_TOT/PM,"ramp(13481760,22481760,17280)",Double
0,Well4_Flow_TOT/TOT,"ramp(190000000,420000000,6220800)",Double
0,Well4_Flow_TOT/TOT_Reset,FALSE,Boolean
0,Well5_Flow/Value,"sine(200,400,1000,true)",Double
0,Well5_Flow/Max,600,Double
0,Well5_Flow/Min,0,Double
0,Well5_Flow/SIM,FALSE,Boolean
0,Well5_Flow/CAL,FALSE,Boolean
0,Well5_Flow/Alarm_HiHi_Alm,FALSE,Boolean
0,Well5_Flow/Alarm_HiHi_Delay,5,Double
0,Well5_Flow/Alarm_HiHi_Enable,TRUE,Boolean
0,Well5_Flow/Alarm_HiHi_SP,550,Double
0,Well5_Flow/Alarm_Hi_Alm,FALSE,Boolean
0,Well5_Flow/Alarm_Hi_Delay,5,Double
0,Well5_Flow/Alarm_Hi_Enable,TRUE,Boolean
0,Well5_Flow/Alarm_Hi_SP,500,Double
0,Well5_Flow/Alarm_Lo_Alm,FALSE,Boolean
0,Well5_Flow/Alarm_Lo_Delay,5,Double
0,Well5_Flow/Alarm_Lo_Enable,FALSE,Boolean
0,Well5_Flow/Alarm_Lo_SP,0,Double
0,Well5_Flow/Alarm_LoLo_Alm,FALSE,Boolean
0,Well5_Flow/Alarm_LoLo_Delay,5,Double
0,Well5_Flow/Alarm_LoLo_Enable,FALSE,Boolean
0,Well5_Flow/Alarm_LoLo_SP,0,Double
0,Well5_Flow_TOT/CD,"ramp(0,100000,17280)",Double
0,Well5_Flow_TOT/PD,"ramp(429934,729934,17280)",Double
0,Well5_Flow_TOT/CM,"ramp(1500000,3000000,518400)",Double
0,Well5_Flow_TOT/PM,"ramp(14481760,22481760,17280)",Double
0,Well5_Flow_TOT/TOT,"ramp(12000000,36000000,6220800)",Double
0,Well5_Flow_TOT/TOT_Reset,FALSE,Boolean
0,Well1_Level/Value,"sine(3,8,1000,true)",Double
0,Well1_Level/Max,12,Double
0,Well1_Level/Min,0,Double
0,Well1_Level/SIM,FALSE,Boolean
0,Well1_Level/CAL,FALSE,Boolean
0,Well1_Level/Alarm_HiHi_Alm,FALSE,Boolean
0,Well1_Level/Alarm_HiHi_Delay,5,Double
0,Well1_Level/Alarm_HiHi_Enable,TRUE,Boolean
0,Well1_Level/Alarm_HiHi_SP,11,Double
0,Well1_Level/Alarm_Hi_Alm,FALSE,Boolean
0,Well1_Level/Alarm_Hi_Delay,5,Double
0,Well1_Level/Alarm_Hi_Enable,TRUE,Boolean
0,Well1_Level/Alarm_Hi_SP,10,Double
0,Well1_Level/Alarm_Lo_Alm,FALSE,Boolean
0,Well1_Level/Alarm_Lo_Delay,5,Double
0,Well1_Level/Alarm_Lo_Enable,TRUE,Boolean
0,Well1_Level/Alarm_Lo_SP,2,Double
0,Well1_Level/Alarm_LoLo_Alm,FALSE,Boolean
0,Well1_Level/Alarm_LoLo_Delay,5,Double
0,Well1_Level/Alarm_LoLo_Enable,TRUE,Boolean
0,Well1_Level/Alarm_LoLo_SP,1,Double
0,Well2_Level/Value,"sine(20,30,1000,true)",Double
0,Well2_Level/Max,40,Double
0,Well2_Level/Min,0,Double
0,Well2_Level/SIM,FALSE,Boolean
0,Well2_Level/CAL,FALSE,Boolean
0,Well2_Level/Alarm_HiHi_Alm,FALSE,Boolean
0,Well2_Level/Alarm_HiHi_Delay,5,Double
0,Well2_Level/Alarm_HiHi_Enable,TRUE,Boolean
0,Well2_Level/Alarm_HiHi_SP,38,Double
0,Well2_Level/Alarm_Hi_Alm,FALSE,Boolean
0,Well2_Level/Alarm_Hi_Delay,5,Double
0,Well2_Level/Alarm_Hi_Enable,TRUE,Boolean
0,Well2_Level/Alarm_Hi_SP,35,Double
0,Well2_Level/Alarm_Lo_Alm,FALSE,Boolean
0,Well2_Level/Alarm_Lo_Delay,5,Double
0,Well2_Level/Alarm_Lo_Enable,TRUE,Boolean
0,Well2_Level/Alarm_Lo_SP,15,Double
0,Well2_Level/Alarm_LoLo_Alm,TRUE,Boolean
0,Well2_Level/Alarm_LoLo_Delay,5,Double
0,Well2_Level/Alarm_LoLo_Enable,TRUE,Boolean
0,Well2_Level/Alarm_LoLo_SP,10,Double
0,Well3_Level/Value,"sine(5,16,1000,true)",Double
0,Well3_Level/Max,20,Double
0,Well3_Level/Min,0,Double
0,Well3_Level/SIM,FALSE,Boolean
0,Well3_Level/CAL,FALSE,Boolean
0,Well3_Level/Alarm_HiHi_Alm,FALSE,Boolean
0,Well3_Level/Alarm_HiHi_Delay,5,Double
0,Well3_Level/Alarm_HiHi_Enable,TRUE,Boolean
0,Well3_Level/Alarm_HiHi_SP,18,Double
0,Well3_Level/Alarm_Hi_Alm,FALSE,Boolean
0,Well3_Level/Alarm_Hi_Delay,5,Double
0,Well3_Level/Alarm_Hi_Enable,TRUE,Boolean
0,Well3_Level/Alarm_Hi_SP,16,Double
0,Well3_Level/Alarm_Lo_Alm,FALSE,Boolean
0,Well3_Level/Alarm_Lo_Delay,5,Double
0,Well3_Level/Alarm_Lo_Enable,TRUE,Boolean
0,Well3_Level/Alarm_Lo_SP,3,Double
0,Well3_Level/Alarm_LoLo_Alm,FALSE,Boolean
0,Well3_Level/Alarm_LoLo_Delay,5,Double
0,Well3_Level/Alarm_LoLo_Enable,TRUE,Boolean
0,Well3_Level/Alarm_LoLo_SP,1,Double
0,Well4_Level/Value,"sine(14,23,1000,true)",Double
0,Well4_Level/Max,30,Double
0,Well4_Level/Min,0,Double
0,Well4_Level/SIM,FALSE,Boolean
0,Well4_Level/CAL,FALSE,Boolean
0,Well4_Level/Alarm_HiHi_Alm,FALSE,Boolean
0,Well4_Level/Alarm_HiHi_Delay,5,Double
0,Well4_Level/Alarm_HiHi_Enable,TRUE,Boolean
0,Well4_Level/Alarm_HiHi_SP,28,Double
0,Well4_Level/Alarm_Hi_Alm,FALSE,Boolean
0,Well4_Level/Alarm_Hi_Delay,5,Double
0,Well4_Level/Alarm_Hi_Enable,TRUE,Boolean
0,Well4_Level/Alarm_Hi_SP,25,Double
0,Well4_Level/Alarm_Lo_Alm,FALSE,Boolean
0,Well4_Level/Alarm_Lo_Delay,5,Double
0,Well4_Level/Alarm_Lo_Enable,TRUE,Boolean
0,Well4_Level/Alarm_Lo_SP,12,Double
0,Well4_Level/Alarm_LoLo_Alm,FALSE,Boolean
0,Well4_Level/Alarm_LoLo_Delay,5,Double
0,Well4_Level/Alarm_LoLo_Enable,TRUE,Boolean
0,Well4_Level/Alarm_LoLo_SP,10,Double
0,Well5_Level/Value,"sine(34,65,1000,true)",Double
0,Well5_Level/Max,100,Double
0,Well5_Level/Min,0,Double
0,Well5_Level/SIM,FALSE,Boolean
0,Well5_Level/CAL,FALSE,Boolean
0,Well5_Level/Alarm_HiHi_Alm,FALSE,Boolean
0,Well5_Level/Alarm_HiHi_Delay,5,Double
0,Well5_Level/Alarm_HiHi_Enable,TRUE,Boolean
0,Well5_Level/Alarm_HiHi_SP,75,Double
0,Well5_Level/Alarm_Hi_Alm,FALSE,Boolean
0,Well5_Level/Alarm_Hi_Delay,5,Double
0,Well5_Level/Alarm_Hi_Enable,TRUE,Boolean
0,Well5_Level/Alarm_Hi_SP,70,Double
0,Well5_Level/Alarm_Lo_Alm,FALSE,Boolean
0,Well5_Level/Alarm_Lo_Delay,5,Double
0,Well5_Level/Alarm_Lo_Enable,TRUE,Boolean
0,Well5_Level/Alarm_Lo_SP,30,Double
0,Well5_Level/Alarm_LoLo_Alm,FALSE,Boolean
0,Well5_Level/Alarm_LoLo_Delay,25,Double
0,Well5_Level/Alarm_LoLo_Enable,TRUE,Boolean
0,Well5_Level/Alarm_LoLo_SP,10,Double
0,Well1_Pressure/Value,"sine(70,80,1000,true)",Double
0,Well1_Pressure/Max,100,Double
0,Well1_Pressure/Min,0,Double
0,Well1_Pressure/SIM,FALSE,Boolean
0,Well1_Pressure/CAL,FALSE,Boolean
0,Well1_Pressure/Alarm_HiHi_Alm,FALSE,Boolean
0,Well1_Pressure/Alarm_HiHi_Delay,5,Double
0,Well1_Pressure/Alarm_HiHi_Enable,TRUE,Boolean
0,Well1_Pressure/Alarm_HiHi_SP,95,Double
0,Well1_Pressure/Alarm_Hi_Alm,FALSE,Boolean
0,Well1_Pressure/Alarm_Hi_Delay,5,Double
0,Well1_Pressure/Alarm_Hi_Enable,TRUE,Boolean
0,Well1_Pressure/Alarm_Hi_SP,90,Double
0,Well1_Pressure/Alarm_Lo_Alm,FALSE,Boolean
0,Well1_Pressure/Alarm_Lo_Delay,5,Double
0,Well1_Pressure/Alarm_Lo_Enable,TRUE,Boolean
0,Well1_Pressure/Alarm_Lo_SP,50,Double
0,Well1_Pressure/Alarm_LoLo_Alm,FALSE,Boolean
0,Well1_Pressure/Alarm_LoLo_Delay,5,Double
0,Well1_Pressure/Alarm_LoLo_Enable,TRUE,Boolean
0,Well1_Pressure/Alarm_LoLo_SP,40,Double
0,Well2_Pressure/Value,"sine(40,60,1000,true)",Double
0,Well2_Pressure/Max,100,Double
0,Well2_Pressure/Min,0,Double
0,Well2_Pressure/SIM,FALSE,Boolean
0,Well2_Pressure/CAL,FALSE,Boolean
0,Well2_Pressure/Alarm_HiHi_Alm,FALSE,Boolean
0,Well2_Pressure/Alarm_HiHi_Delay,5,Double
0,Well2_Pressure/Alarm_HiHi_Enable,TRUE,Boolean
0,Well2_Pressure/Alarm_HiHi_SP,80,Double
0,Well2_Pressure/Alarm_Hi_Alm,FALSE,Boolean
0,Well2_Pressure/Alarm_Hi_Delay,5,Double
0,Well2_Pressure/Alarm_Hi_Enable,TRUE,Boolean
0,Well2_Pressure/Alarm_Hi_SP,70,Double
0,Well2_Pressure/Alarm_Lo_Alm,FALSE,Boolean
0,Well2_Pressure/Alarm_Lo_Delay,5,Double
0,Well2_Pressure/Alarm_Lo_Enable,TRUE,Boolean
0,Well2_Pressure/Alarm_Lo_SP,30,Double
0,Well2_Pressure/Alarm_LoLo_Alm,FALSE,Boolean
0,Well2_Pressure/Alarm_LoLo_Delay,5,Double
0,Well2_Pressure/Alarm_LoLo_Enable,TRUE,Boolean
0,Well2_Pressure/Alarm_LoLo_SP,20,Double
0,Well3_Pressure/Value,"sine(50,60,1000,true)",Double
0,Well3_Pressure/Max,100,Double
0,Well3_Pressure/Min,0,Double
0,Well3_Pressure/SIM,FALSE,Boolean
0,Well3_Pressure/CAL,FALSE,Boolean
0,Well3_Pressure/Alarm_HiHi_Alm,FALSE,Boolean
0,Well3_Pressure/Alarm_HiHi_Delay,5,Double
0,Well3_Pressure/Alarm_HiHi_Enable,TRUE,Boolean
0,Well3_Pressure/Alarm_HiHi_SP,95,Double
0,Well3_Pressure/Alarm_Hi_Alm,FALSE,Boolean
0,Well3_Pressure/Alarm_Hi_Delay,5,Double
0,Well3_Pressure/Alarm_Hi_Enable,TRUE,Boolean
0,Well3_Pressure/Alarm_Hi_SP,90,Double
0,Well3_Pressure/Alarm_Lo_Alm,FALSE,Boolean
0,Well3_Pressure/Alarm_Lo_Delay,5,Double
0,Well3_Pressure/Alarm_Lo_Enable,TRUE,Boolean
0,Well3_Pressure/Alarm_Lo_SP,40,Double
0,Well3_Pressure/Alarm_LoLo_Alm,FALSE,Boolean
0,Well3_Pressure/Alarm_LoLo_Delay,5,Double
0,Well3_Pressure/Alarm_LoLo_Enable,TRUE,Boolean
0,Well3_Pressure/Alarm_LoLo_SP,30,Double
0,Well4_Pressure/Value,"sine(30,40,1000,true)",Double
0,Well4_Pressure/Max,100,Double
0,Well4_Pressure/Min,0,Double
0,Well4_Pressure/SIM,FALSE,Boolean
0,Well4_Pressure/CAL,FALSE,Boolean
0,Well4_Pressure/Alarm_HiHi_Alm,FALSE,Boolean
0,Well4_Pressure/Alarm_HiHi_Delay,5,Double
0,Well4_Pressure/Alarm_HiHi_Enable,TRUE,Boolean
0,Well4_Pressure/Alarm_HiHi_SP,60,Double
0,Well4_Pressure/Alarm_Hi_Alm,FALSE,Boolean
0,Well4_Pressure/Alarm_Hi_Delay,5,Double
0,Well4_Pressure/Alarm_Hi_Enable,TRUE,Boolean
0,Well4_Pressure/Alarm_Hi_SP,50,Double
0,Well4_Pressure/Alarm_Lo_Alm,FALSE,Boolean
0,Well4_Pressure/Alarm_Lo_Delay,5,Double
0,Well4_Pressure/Alarm_Lo_Enable,TRUE,Boolean
0,Well4_Pressure/Alarm_Lo_SP,20,Double
0,Well4_Pressure/Alarm_LoLo_Alm,FALSE,Boolean
0,Well4_Pressure/Alarm_LoLo_Delay,5,Double
0,Well4_Pressure/Alarm_LoLo_Enable,TRUE,Boolean
0,Well4_Pressure/Alarm_LoLo_SP,10,Double
0,Well5_Pressure/Value,"sine(75,85,1000,true)",Double
0,Well5_Pressure/Max,100,Double
0,Well5_Pressure/Min,0,Double
0,Well5_Pressure/SIM,FALSE,Boolean
0,Well5_Pressure/CAL,FALSE,Boolean
0,Well5_Pressure/Alarm_HiHi_Alm,FALSE,Boolean
0,Well5_Pressure/Alarm_HiHi_Delay,5,Double
0,Well5_Pressure/Alarm_HiHi_Enable,TRUE,Boolean
0,Well5_Pressure/Alarm_HiHi_SP,90,Double
0,Well5_Pressure/Alarm_Hi_Alm,FALSE,Boolean
0,Well5_Pressure/Alarm_Hi_Delay,5,Double
0,Well5_Pressure/Alarm_Hi_Enable,TRUE,Boolean
0,Well5_Pressure/Alarm_Hi_SP,80,Double
0,Well5_Pressure/Alarm_Lo_Alm,FALSE,Boolean
0,Well5_Pressure/Alarm_Lo_Delay,5,Double
0,Well5_Pressure/Alarm_Lo_Enable,TRUE,Boolean
0,Well5_Pressure/Alarm_Lo_SP,55,Double
0,Well5_Pressure/Alarm_LoLo_Alm,FALSE,Boolean
0,Well5_Pressure/Alarm_LoLo_Delay,5,Double
0,Well5_Pressure/Alarm_LoLo_Enable,TRUE,Boolean
0,Well5_Pressure/Alarm_LoLo_SP,50,Double
0,Well1_SS_Pump/Status_Running,"sine(0,2,3000)",Boolean
0,Well1_SS_Pump/Status_Remote,TRUE,Boolean
0,Well1_SS_Pump/Status_Permissive,TRUE,Boolean
0,Well1_SS_Pump/HOA,2,Int16
0,Well1_SS_Pump/Req_Start,TRUE,Boolean
0,Well1_SS_Pump/Req_Stop,FALSE,Boolean
0,Well1_SS_Pump/OOS,FALSE,Boolean
0,Well1_SS_Pump/Status_Interlock1,FALSE,Boolean
0,Well1_SS_Pump/Status_Interlock2,FALSE,Boolean
0,Well1_SS_Pump/Status_Interlock3,FALSE,Boolean
0,Well1_SS_Pump/Req_Alarm_Reset,FALSE,Boolean
0,Well1_SS_Pump/Alarm_Fail_To_Start,FALSE,Boolean
0,Well1_SS_Pump/Alarm_Fail_To_Start_Delay,3,Double
0,Well1_SS_Pump/Alarm_Fail_To_Start_Enable,TRUE,Boolean
0,Well1_SS_Pump/Alarm_Overload,FALSE,Boolean
0,Well1_SS_Pump/Alarm_Overload_Delay,3,Double
0,Well1_SS_Pump/Alarm_Overload_Enable,TRUE,Boolean
0,Well1_SS_Pump/Alarm_HighTemp,FALSE,Boolean
0,Well1_SS_Pump/Alarm_HighTemp_Delay,3,Double
0,Well1_SS_Pump/Alarm_HighTemp_Enable,TRUE,Boolean
0,Well1_SS_Pump/Cycles_CD,12,Int64
0,Well1_SS_Pump/Cycles_PD,23,Int64
0,Well1_SS_Pump/Cycles_CM,132,Int64
0,Well1_SS_Pump/Cycles_PM,375,Int64
0,Well1_SS_Pump/Cycles_TOT,34845,Int64
0,Well1_SS_Pump/Cycles_TOT_Reset,FALSE,Boolean
0,Well1_SS_Pump/Runtime_CD,"ramp(3,16,17280)",Double
0,Well1_SS_Pump/Runtime_PD,"ramp(13,18,17280)",Double
0,Well1_SS_Pump/Runtime_CM,"ramp(67,150,518400)",Double
0,Well1_SS_Pump/Runtime_PM,122.3,Double
0,Well1_SS_Pump/Runtime_TOT,"ramp(376,35000,6220800)",Double
0,Well1_SS_Pump/Runtime_TOT_Reset,FALSE,Boolean
0,Well2_SS_Pump/Status_Running,"sine(0,2,7000)",Boolean
0,Well2_SS_Pump/Status_Remote,TRUE,Boolean
0,Well2_SS_Pump/Status_Permissive,TRUE,Boolean
0,Well2_SS_Pump/HOA,2,Int16
0,Well2_SS_Pump/Req_Start,TRUE,Boolean
0,Well2_SS_Pump/Req_Stop,FALSE,Boolean
0,Well2_SS_Pump/OOS,FALSE,Boolean
0,Well2_SS_Pump/Status_Interlock1,FALSE,Boolean
0,Well2_SS_Pump/Status_Interlock2,FALSE,Boolean
0,Well2_SS_Pump/Status_Interlock3,FALSE,Boolean
0,Well2_SS_Pump/Req_Alarm_Reset,FALSE,Boolean
0,Well2_SS_Pump/Alarm_Fail_To_Start,FALSE,Boolean
0,Well2_SS_Pump/Alarm_Fail_To_Start_Delay,3,Double
0,Well2_SS_Pump/Alarm_Fail_To_Start_Enable,TRUE,Boolean
0,Well2_SS_Pump/Alarm_Overload,FALSE,Boolean
0,Well2_SS_Pump/Alarm_Overload_Delay,3,Double
0,Well2_SS_Pump/Alarm_Overload_Enable,TRUE,Boolean
0,Well2_SS_Pump/Alarm_HighTemp,FALSE,Boolean
0,Well2_SS_Pump/Alarm_HighTemp_Delay,3,Double
0,Well2_SS_Pump/Alarm_HighTemp_Enable,TRUE,Boolean
0,Well2_SS_Pump/Cycles_CD,17,Int64
0,Well2_SS_Pump/Cycles_PD,34,Int64
0,Well2_SS_Pump/Cycles_CM,276,Int64
0,Well2_SS_Pump/Cycles_PM,456,Int64
0,Well2_SS_Pump/Cycles_TOT,98234,Int64
0,Well2_SS_Pump/Cycles_TOT_Reset,FALSE,Boolean
0,Well2_SS_Pump/Runtime_CD,"ramp(4,17,17280)",Double
0,Well2_SS_Pump/Runtime_PD,"ramp(14,18,17280)",Double
0,Well2_SS_Pump/Runtime_CM,"ramp(78,167,518400)",Double
0,Well2_SS_Pump/Runtime_PM,375.2,Double
0,Well2_SS_Pump/Runtime_TOT,"ramp(576,55000,6220800)",Double
0,Well2_SS_Pump/Runtime_TOT_Reset,FALSE,Boolean
0,Well3_SS_Pump/Status_Running,FALSE,Boolean
0,Well3_SS_Pump/Status_Remote,TRUE,Boolean
0,Well3_SS_Pump/Status_Permissive,FALSE,Boolean
0,Well3_SS_Pump/HOA,0,Int16
0,Well3_SS_Pump/Req_Start,FALSE,Boolean
0,Well3_SS_Pump/Req_Stop,TRUE,Boolean
0,Well3_SS_Pump/OOS,FALSE,Boolean
0,Well3_SS_Pump/Status_Interlock1,FALSE,Boolean
0,Well3_SS_Pump/Status_Interlock2,FALSE,Boolean
0,Well3_SS_Pump/Status_Interlock3,FALSE,Boolean
0,Well3_SS_Pump/Req_Alarm_Reset,FALSE,Boolean
0,Well3_SS_Pump/Alarm_Fail_To_Start,FALSE,Boolean
0,Well3_SS_Pump/Alarm_Fail_To_Start_Delay,3,Double
0,Well3_SS_Pump/Alarm_Fail_To_Start_Enable,TRUE,Boolean
0,Well3_SS_Pump/Alarm_Overload,TRUE,Boolean
0,Well3_SS_Pump/Alarm_Overload_Delay,3,Double
0,Well3_SS_Pump/Alarm_Overload_Enable,TRUE,Boolean
0,Well3_SS_Pump/Alarm_HighTemp,FALSE,Boolean
0,Well3_SS_Pump/Alarm_HighTemp_Delay,3,Double
0,Well3_SS_Pump/Alarm_HighTemp_Enable,TRUE,Boolean
0,Well3_SS_Pump/Cycles_CD,12,Int64
0,Well3_SS_Pump/Cycles_PD,23,Int64
0,Well3_SS_Pump/Cycles_CM,132,Int64
0,Well3_SS_Pump/Cycles_PM,375,Int64
0,Well3_SS_Pump/Cycles_TOT,34845,Int64
0,Well3_SS_Pump/Cycles_TOT_Reset,FALSE,Boolean
0,Well3_SS_Pump/Runtime_CD,"ramp(2,15,17280)",Double
0,Well3_SS_Pump/Runtime_PD,"ramp(13,17,17280)",Double
0,Well3_SS_Pump/Runtime_CM,"ramp(37,130,518400)",Double
0,Well3_SS_Pump/Runtime_PM,165.2,Double
0,Well3_SS_Pump/Runtime_TOT,"ramp(176,15000,6220800)",Double
0,Well3_SS_Pump/Runtime_TOT_Reset,FALSE,Boolean
0,Well4_SS_Pump/Status_Running,TRUE,Boolean
0,Well4_SS_Pump/Status_Remote,TRUE,Boolean
0,Well4_SS_Pump/Status_Permissive,TRUE,Boolean
0,Well4_SS_Pump/HOA,1,Int16
0,Well4_SS_Pump/Req_Start,TRUE,Boolean
0,Well4_SS_Pump/Req_Stop,FALSE,Boolean
0,Well4_SS_Pump/OOS,FALSE,Boolean
0,Well4_SS_Pump/Status_Interlock1,FALSE,Boolean
0,Well4_SS_Pump/Status_Interlock2,FALSE,Boolean
0,Well4_SS_Pump/Status_Interlock3,FALSE,Boolean
0,Well4_SS_Pump/Req_Alarm_Reset,FALSE,Boolean
0,Well4_SS_Pump/Alarm_Fail_To_Start,FALSE,Boolean
0,Well4_SS_Pump/Alarm_Fail_To_Start_Delay,3,Double
0,Well4_SS_Pump/Alarm_Fail_To_Start_Enable,TRUE,Boolean
0,Well4_SS_Pump/Alarm_Overload,FALSE,Boolean
0,Well4_SS_Pump/Alarm_Overload_Delay,3,Double
0,Well4_SS_Pump/Alarm_Overload_Enable,TRUE,Boolean
0,Well4_SS_Pump/Alarm_HighTemp,FALSE,Boolean
0,Well4_SS_Pump/Alarm_HighTemp_Delay,3,Double
0,Well4_SS_Pump/Alarm_HighTemp_Enable,TRUE,Boolean
0,Well4_SS_Pump/Cycles_CD,12,Int64
0,Well4_SS_Pump/Cycles_PD,23,Int64
0,Well4_SS_Pump/Cycles_CM,132,Int64
0,Well4_SS_Pump/Cycles_PM,375,Int64
0,Well4_SS_Pump/Cycles_TOT,34845,Int64
0,Well4_SS_Pump/Cycles_TOT_Reset,FALSE,Boolean
0,Well4_SS_Pump/Runtime_CD,"ramp(5.7,19,17280)",Double
0,Well4_SS_Pump/Runtime_PD,"ramp(15,18,17280)",Double
0,Well4_SS_Pump/Runtime_CM,"ramp(86,240,518400)",Double
0,Well4_SS_Pump/Runtime_PM,265,Double
0,Well4_SS_Pump/Runtime_TOT,"ramp(676,65000,6220800)",Double
0,Well4_SS_Pump/Runtime_TOT_Reset,FALSE,Boolean
0,Well5_SS_Pump/Status_Running,FALSE,Boolean
0,Well5_SS_Pump/Status_Remote,FALSE,Boolean
0,Well5_SS_Pump/Status_Permissive,FALSE,Boolean
0,Well5_SS_Pump/HOA,0,Int16
0,Well5_SS_Pump/Req_Start,TRUE,Boolean
0,Well5_SS_Pump/Req_Stop,FALSE,Boolean
0,Well5_SS_Pump/OOS,TRUE,Boolean
0,Well5_SS_Pump/Status_Interlock1,FALSE,Boolean
0,Well5_SS_Pump/Status_Interlock2,FALSE,Boolean
0,Well5_SS_Pump/Status_Interlock3,FALSE,Boolean
0,Well5_SS_Pump/Req_Alarm_Reset,FALSE,Boolean
0,Well5_SS_Pump/Alarm_Fail_To_Start,FALSE,Boolean
0,Well5_SS_Pump/Alarm_Fail_To_Start_Delay,3,Double
0,Well5_SS_Pump/Alarm_Fail_To_Start_Enable,TRUE,Boolean
0,Well5_SS_Pump/Alarm_Overload,FALSE,Boolean
0,Well5_SS_Pump/Alarm_Overload_Delay,3,Double
0,Well5_SS_Pump/Alarm_Overload_Enable,TRUE,Boolean
0,Well5_SS_Pump/Alarm_HighTemp,FALSE,Boolean
0,Well5_SS_Pump/Alarm_HighTemp_Delay,3,Double
0,Well5_SS_Pump/Alarm_HighTemp_Enable,TRUE,Boolean
0,Well5_SS_Pump/Cycles_CD,12,Int64
0,Well5_SS_Pump/Cycles_PD,23,Int64
0,Well5_SS_Pump/Cycles_CM,132,Int64
0,Well5_SS_Pump/Cycles_PM,375,Int64
0,Well5_SS_Pump/Cycles_TOT,34845,Int64
0,Well5_SS_Pump/Cycles_TOT_Reset,FALSE,Boolean
0,Well5_SS_Pump/Runtime_CD,"ramp(1,8,17280)",Double
0,Well5_SS_Pump/Runtime_PD,"ramp(16,18,17280)",Double
0,Well5_SS_Pump/Runtime_CM,"ramp(23,89,518400)",Double
0,Well5_SS_Pump/Runtime_PM,87,Double
0,Well5_SS_Pump/Runtime_TOT,"ramp(98,3900,6220800)",Double
0,Well5_SS_Pump/Runtime_TOT_Reset,FALSE,Boolean
0,Well1_Waste_Valve/Status_Open,TRUE,Boolean
0,Well1_Waste_Valve/Status_Closed,FALSE,Boolean
0,Well1_Waste_Valve/Status_Remote,TRUE,Boolean
0,Well1_Waste_Valve/Status_Permissive,TRUE,Boolean
0,Well1_Waste_Valve/HOA,2,Int16
0,Well1_Waste_Valve/Req_Auto,TRUE,Boolean
0,Well1_Waste_Valve/Req_Open,FALSE,Boolean
0,Well1_Waste_Valve/Req_Close,FALSE,Boolean
0,Well1_Waste_Valve/OOS,FALSE,Boolean
0,Well1_Waste_Valve/Status_Interlock1,FALSE,Boolean
0,Well1_Waste_Valve/Status_Interlock2,FALSE,Boolean
0,Well1_Waste_Valve/Status_Interlock3,FALSE,Boolean
0,Well1_Waste_Valve/Req_Alarm_Reset,FALSE,Boolean
0,Well1_Waste_Valve/Alarm_Fail_To_Respond,FALSE,Boolean
0,Well1_Waste_Valve/Alarm_Fail_To_Respond_Delay,3,Double
0,Well1_Waste_Valve/Alarm_Fail_To_Respond_Enable,TRUE,Boolean
0,Well1_Waste_Valve/Alarm_Fault,FALSE,Boolean
0,Well1_Waste_Valve/Alarm_Fault_Delay,3,Double
0,Well1_Waste_Valve/Alarm_Fault_Enable,TRUE,Boolean
0,Well1_Waste_Valve/Cycles_CD,12,Int64
0,Well1_Waste_Valve/Cycles_PD,23,Int64
0,Well1_Waste_Valve/Cycles_CM,132,Int64
0,Well1_Waste_Valve/Cycles_PM,375,Int64
0,Well1_Waste_Valve/Cycles_TOT,34845,Int64
0,Well1_Waste_Valve/Cycles_TOT_Reset,FALSE,Boolean
0,Well2_Waste_Valve/Status_Open,FALSE,Boolean
0,Well2_Waste_Valve/Status_Closed,TRUE,Boolean
0,Well2_Waste_Valve/Status_Remote,TRUE,Boolean
0,Well2_Waste_Valve/Status_Permissive,TRUE,Boolean
0,Well2_Waste_Valve/HOA,0,Int16
0,Well2_Waste_Valve/Req_Auto,FALSE,Boolean
0,Well2_Waste_Valve/Req_Open,FALSE,Boolean
0,Well2_Waste_Valve/Req_Close,TRUE,Boolean
0,Well2_Waste_Valve/OOS,FALSE,Boolean
0,Well2_Waste_Valve/Status_Interlock1,FALSE,Boolean
0,Well2_Waste_Valve/Status_Interlock2,FALSE,Boolean
0,Well2_Waste_Valve/Status_Interlock3,FALSE,Boolean
0,Well2_Waste_Valve/Req_Alarm_Reset,FALSE,Boolean
0,Well2_Waste_Valve/Alarm_Fail_To_Respond,FALSE,Boolean
0,Well2_Waste_Valve/Alarm_Fail_To_Respond_Delay,3,Double
0,Well2_Waste_Valve/Alarm_Fail_To_Respond_Enable,TRUE,Boolean
0,Well2_Waste_Valve/Alarm_Fault,FALSE,Boolean
0,Well2_Waste_Valve/Alarm_Fault_Delay,3,Double
0,Well2_Waste_Valve/Alarm_Fault_Enable,TRUE,Boolean
0,Well2_Waste_Valve/Cycles_CD,11,Int64
0,Well2_Waste_Valve/Cycles_PD,21,Int64
0,Well2_Waste_Valve/Cycles_CM,121,Int64
0,Well2_Waste_Valve/Cycles_PM,363,Int64
0,Well2_Waste_Valve/Cycles_TOT,31845,Int64
0,Well2_Waste_Valve/Cycles_TOT_Reset,FALSE,Boolean
0,Well3_Waste_Valve/Status_Open,TRUE,Boolean
0,Well3_Waste_Valve/Status_Closed,FALSE,Boolean
0,Well3_Waste_Valve/Status_Remote,TRUE,Boolean
0,Well3_Waste_Valve/Status_Permissive,TRUE,Boolean
0,Well3_Waste_Valve/HOA,1,Int16
0,Well3_Waste_Valve/Req_Auto,TRUE,Boolean
0,Well3_Waste_Valve/Req_Open,FALSE,Boolean
0,Well3_Waste_Valve/Req_Close,FALSE,Boolean
0,Well3_Waste_Valve/OOS,FALSE,Boolean
0,Well3_Waste_Valve/Status_Interlock1,FALSE,Boolean
0,Well3_Waste_Valve/Status_Interlock2,FALSE,Boolean
0,Well3_Waste_Valve/Status_Interlock3,FALSE,Boolean
0,Well3_Waste_Valve/Req_Alarm_Reset,FALSE,Boolean
0,Well3_Waste_Valve/Alarm_Fail_To_Respond,FALSE,Boolean
0,Well3_Waste_Valve/Alarm_Fail_To_Respond_Delay,3,Double
0,Well3_Waste_Valve/Alarm_Fail_To_Respond_Enable,TRUE,Boolean
0,Well3_Waste_Valve/Alarm_Fault,FALSE,Boolean
0,Well3_Waste_Valve/Alarm_Fault_Delay,3,Double
0,Well3_Waste_Valve/Alarm_Fault_Enable,TRUE,Boolean
0,Well3_Waste_Valve/Cycles_CD,6,Int64
0,Well3_Waste_Valve/Cycles_PD,12,Int64
0,Well3_Waste_Valve/Cycles_CM,120,Int64
0,Well3_Waste_Valve/Cycles_PM,287,Int64
0,Well3_Waste_Valve/Cycles_TOT,24845,Int64
0,Well3_Waste_Valve/Cycles_TOT_Reset,FALSE,Boolean
0,Well4_Waste_Valve/Status_Open,FALSE,Boolean
0,Well4_Waste_Valve/Status_Closed,FALSE,Boolean
0,Well4_Waste_Valve/Status_Remote,TRUE,Boolean
0,Well4_Waste_Valve/Status_Permissive,TRUE,Boolean
0,Well4_Waste_Valve/HOA,0,Int16
0,Well4_Waste_Valve/Req_Auto,TRUE,Boolean
0,Well4_Waste_Valve/Req_Open,FALSE,Boolean
0,Well4_Waste_Valve/Req_Close,FALSE,Boolean
0,Well4_Waste_Valve/OOS,FALSE,Boolean
0,Well4_Waste_Valve/Status_Interlock1,FALSE,Boolean
0,Well4_Waste_Valve/Status_Interlock2,FALSE,Boolean
0,Well4_Waste_Valve/Status_Interlock3,FALSE,Boolean
0,Well4_Waste_Valve/Req_Alarm_Reset,FALSE,Boolean
0,Well4_Waste_Valve/Alarm_Fail_To_Respond,FALSE,Boolean
0,Well4_Waste_Valve/Alarm_Fail_To_Respond_Delay,3,Double
0,Well4_Waste_Valve/Alarm_Fail_To_Respond_Enable,TRUE,Boolean
0,Well4_Waste_Valve/Alarm_Fault,TRUE,Boolean
0,Well4_Waste_Valve/Alarm_Fault_Delay,3,Double
0,Well4_Waste_Valve/Alarm_Fault_Enable,TRUE,Boolean
0,Well4_Waste_Valve/Cycles_CD,12,Int64
0,Well4_Waste_Valve/Cycles_PD,23,Int64
0,Well4_Waste_Valve/Cycles_CM,132,Int64
0,Well4_Waste_Valve/Cycles_PM,375,Int64
0,Well4_Waste_Valve/Cycles_TOT,34845,Int64
0,Well4_Waste_Valve/Cycles_TOT_Reset,FALSE,Boolean
0,Well5_Waste_Valve/Status_Open,TRUE,Boolean
0,Well5_Waste_Valve/Status_Closed,FALSE,Boolean
0,Well5_Waste_Valve/Status_Remote,TRUE,Boolean
0,Well5_Waste_Valve/Status_Permissive,TRUE,Boolean
0,Well5_Waste_Valve/HOA,2,Int16
0,Well5_Waste_Valve/Req_Auto,TRUE,Boolean
0,Well5_Waste_Valve/Req_Open,FALSE,Boolean
0,Well5_Waste_Valve/Req_Close,FALSE,Boolean
0,Well5_Waste_Valve/OOS,FALSE,Boolean
0,Well5_Waste_Valve/Status_Interlock1,FALSE,Boolean
0,Well5_Waste_Valve/Status_Interlock2,FALSE,Boolean
0,Well5_Waste_Valve/Status_Interlock3,FALSE,Boolean
0,Well5_Waste_Valve/Req_Alarm_Reset,FALSE,Boolean
0,Well5_Waste_Valve/Alarm_Fail_To_Respond,FALSE,Boolean
0,Well5_Waste_Valve/Alarm_Fail_To_Respond_Delay,3,Double
0,Well5_Waste_Valve/Alarm_Fail_To_Respond_Enable,TRUE,Boolean
0,Well5_Waste_Valve/Alarm_Fault,FALSE,Boolean
0,Well5_Waste_Valve/Alarm_Fault_Delay,3,Double
0,Well5_Waste_Valve/Alarm_Fault_Enable,TRUE,Boolean
0,Well5_Waste_Valve/Cycles_CD,12,Int64
0,Well5_Waste_Valve/Cycles_PD,23,Int64
0,Well5_Waste_Valve/Cycles_CM,132,Int64
0,Well5_Waste_Valve/Cycles_PM,375,Int64
0,Well5_Waste_Valve/Cycles_TOT,34845,Int64
0,Well5_Waste_Valve/Cycles_TOT_Reset,FALSE,Boolean
0,Well1_Power_Fail/Alarm_Value,FALSE,Boolean
0,Well1_Power_Fail/Alarm_Delay,3,Double
0,Well1_Power_Fail/Alarm_Enable,TRUE,Boolean
0,Well1_UPS_Fail/Alarm_Value,FALSE,Boolean
0,Well1_UPS_Fail/Alarm_Delay,3,Double
0,Well1_UPS_Fail/Alarm_Enable,TRUE,Boolean
0,Well1_Intrusion/Alarm_Value,FALSE,Boolean
0,Well1_Intrusion/Alarm_Delay,3,Double
0,Well1_Intrusion/Alarm_Enable,TRUE,Boolean
0,Well2_Power_Fail/Alarm_Value,FALSE,Boolean
0,Well2_Power_Fail/Alarm_Delay,3,Double
0,Well2_Power_Fail/Alarm_Enable,TRUE,Boolean
0,Well2_UPS_Fail/Alarm_Value,FALSE,Boolean
0,Well2_UPS_Fail/Alarm_Delay,3,Double
0,Well2_UPS_Fail/Alarm_Enable,TRUE,Boolean
0,Well2_Intrusion/Alarm_Value,FALSE,Boolean
0,Well2_Intrusion/Alarm_Delay,3,Double
0,Well2_Intrusion/Alarm_Enable,TRUE,Boolean
0,Well3_Power_Fail/Alarm_Value,FALSE,Boolean
0,Well3_Power_Fail/Alarm_Delay,3,Double
0,Well3_Power_Fail/Alarm_Enable,TRUE,Boolean
0,Well3_UPS_Fail/Alarm_Value,FALSE,Boolean
0,Well3_UPS_Fail/Alarm_Delay,3,Double
0,Well3_UPS_Fail/Alarm_Enable,TRUE,Boolean
0,Well3_Intrusion/Alarm_Value,FALSE,Boolean
0,Well3_Intrusion/Alarm_Delay,3,Double
0,Well3_Intrusion/Alarm_Enable,TRUE,Boolean
0,Well4_Power_Fail/Alarm_Value,FALSE,Boolean
0,Well4_Power_Fail/Alarm_Delay,3,Double
0,Well4_Power_Fail/Alarm_Enable,TRUE,Boolean
0,Well4_UPS_Fail/Alarm_Value,FALSE,Boolean
0,Well4_UPS_Fail/Alarm_Delay,3,Double
0,Well4_UPS_Fail/Alarm_Enable,TRUE,Boolean
0,Well4_Intrusion/Alarm_Value,FALSE,Boolean
0,Well4_Intrusion/Alarm_Delay,3,Double
0,Well4_Intrusion/Alarm_Enable,TRUE,Boolean
0,Well5_Power_Fail/Alarm_Value,FALSE,Boolean
0,Well5_Power_Fail/Alarm_Delay,3,Double
0,Well5_Power_Fail/Alarm_Enable,TRUE,Boolean
0,Well5_UPS_Fail/Alarm_Value,FALSE,Boolean
0,Well5_UPS_Fail/Alarm_Delay,3,Double
0,Well5_UPS_Fail/Alarm_Enable,TRUE,Boolean
0,Well5_Intrusion/Alarm_Value,FALSE,Boolean
0,Well5_Intrusion/Alarm_Delay,3,Double
0,Well5_Intrusion/Alarm_Enable,TRUE,Boolean
0,Clearwell_VFD_Pump1/Status_Running,TRUE,Boolean
0,Clearwell_VFD_Pump1/Status_Remote,TRUE,Boolean
0,Clearwell_VFD_Pump1/Status_Permissive,TRUE,Boolean
0,Clearwell_VFD_Pump1/Status_Speed,"sine(87,95,30)",Double
0,Clearwell_VFD_Pump1/Req_Start,TRUE,Boolean
0,Clearwell_VFD_Pump1/Req_Stop,FALSE,Boolean
0,Clearwell_VFD_Pump1/Req_Auto,TRUE,Boolean
0,Clearwell_VFD_Pump1/Req_Manual,FALSE,Boolean
0,Clearwell_VFD_Pump1/Req_Speed,93,Double
0,Clearwell_VFD_Pump1/OOS,FALSE,Boolean
0,Clearwell_VFD_Pump1/Status_Interlock1,FALSE,Boolean
0,Clearwell_VFD_Pump1/Status_Interlock2,FALSE,Boolean
0,Clearwell_VFD_Pump1/Status_Interlock3,FALSE,Boolean
0,Clearwell_VFD_Pump1/Req_Alarm_Reset,FALSE,Boolean
0,Clearwell_VFD_Pump1/Alarm_Fail_To_Start,FALSE,Boolean
0,Clearwell_VFD_Pump1/Alarm_Fail_To_Start_Delay,3,Double
0,Clearwell_VFD_Pump1/Alarm_Fail_To_Start_Enable,TRUE,Boolean
0,Clearwell_VFD_Pump1/Alarm_Overload,FALSE,Boolean
0,Clearwell_VFD_Pump1/Alarm_Overload_Delay,3,Double
0,Clearwell_VFD_Pump1/Alarm_Overload_Enable,TRUE,Boolean
0,Clearwell_VFD_Pump1/Alarm_HighTemp,FALSE,Boolean
0,Clearwell_VFD_Pump1/Alarm_HighTemp_Delay,3,Double
0,Clearwell_VFD_Pump1/Alarm_HighTemp_Enable,TRUE,Boolean
0,Clearwell_VFD_Pump1/Alarm_VFD,FALSE,Boolean
0,Clearwell_VFD_Pump1/Alarm_VFD_Delay,3,Double
0,Clearwell_VFD_Pump1/Alarm_VFD_Enable,TRUE,Boolean
0,Clearwell_VFD_Pump1/Cycles_CD,12,Int64
0,Clearwell_VFD_Pump1/Cycles_PD,23,Int64
0,Clearwell_VFD_Pump1/Cycles_CM,132,Int64
0,Clearwell_VFD_Pump1/Cycles_PM,375,Int64
0,Clearwell_VFD_Pump1/Cycles_TOT,38745,Int64
0,Clearwell_VFD_Pump1/Cycles_TOT_Reset,FALSE,Boolean
0,Clearwell_VFD_Pump1/Runtime_CD,"ramp(3,16,17280)",Double
0,Clearwell_VFD_Pump1/Runtime_PD,"ramp(12,18,17280)",Double
0,Clearwell_VFD_Pump1/Runtime_CM,"ramp(67,150,518400)",Double
0,Clearwell_VFD_Pump1/Runtime_PM,122.3,Double
0,Clearwell_VFD_Pump1/Runtime_TOT,"ramp(376,30000,6220800)",Double
0,Clearwell_VFD_Pump1/Runtime_TOT_Reset,FALSE,Boolean
0,Clearwell_VFD_Pump1/VFD_Hertz,"sine(54,57,30)",Double
0,Clearwell_VFD_Pump1/VFD_Amps,"sine(120, 130,30)",Double
0,Clearwell_VFD_Pump1/VFD_Volts,"sine(472,481,30)",Double
0,Clearwell_VFD_Pump1/VFD_Torque,"sine(131,139,30)",Double
0,Clearwell_VFD_Pump1/VFD_Power,"sine(14.721,14.943,30)",Double
0,Clearwell_VFD_Pump2/Status_Running,FALSE,Boolean
0,Clearwell_VFD_Pump2/Status_Remote,TRUE,Boolean
0,Clearwell_VFD_Pump2/Status_Permissive,TRUE,Boolean
0,Clearwell_VFD_Pump2/Status_Speed,0,Double
0,Clearwell_VFD_Pump2/Req_Start,TRUE,Boolean
0,Clearwell_VFD_Pump2/Req_Stop,FALSE,Boolean
0,Clearwell_VFD_Pump2/Req_Auto,TRUE,Boolean
0,Clearwell_VFD_Pump2/Req_Manual,FALSE,Boolean
0,Clearwell_VFD_Pump2/Req_Speed,93,Double
0,Clearwell_VFD_Pump2/OOS,FALSE,Boolean
0,Clearwell_VFD_Pump2/Status_Interlock1,FALSE,Boolean
0,Clearwell_VFD_Pump2/Status_Interlock2,FALSE,Boolean
0,Clearwell_VFD_Pump2/Status_Interlock3,FALSE,Boolean
0,Clearwell_VFD_Pump2/Req_Alarm_Reset,FALSE,Boolean
0,Clearwell_VFD_Pump2/Alarm_Fail_To_Start,FALSE,Boolean
0,Clearwell_VFD_Pump2/Alarm_Fail_To_Start_Delay,3,Double
0,Clearwell_VFD_Pump2/Alarm_Fail_To_Start_Enable,TRUE,Boolean
0,Clearwell_VFD_Pump2/Alarm_Overload,FALSE,Boolean
0,Clearwell_VFD_Pump2/Alarm_Overload_Delay,3,Double
0,Clearwell_VFD_Pump2/Alarm_Overload_Enable,TRUE,Boolean
0,Clearwell_VFD_Pump2/Alarm_HighTemp,FALSE,Boolean
0,Clearwell_VFD_Pump2/Alarm_HighTemp_Delay,3,Double
0,Clearwell_VFD_Pump2/Alarm_HighTemp_Enable,TRUE,Boolean
0,Clearwell_VFD_Pump2/Alarm_VFD,FALSE,Boolean
0,Clearwell_VFD_Pump2/Alarm_VFD_Delay,3,Double
0,Clearwell_VFD_Pump2/Alarm_VFD_Enable,TRUE,Boolean
0,Clearwell_VFD_Pump2/Cycles_CD,12,Int64
0,Clearwell_VFD_Pump2/Cycles_PD,23,Int64
0,Clearwell_VFD_Pump2/Cycles_CM,132,Int64
0,Clearwell_VFD_Pump2/Cycles_PM,375,Int64
0,Clearwell_VFD_Pump2/Cycles_TOT,24845,Int64
0,Clearwell_VFD_Pump2/Cycles_TOT_Reset,FALSE,Boolean
0,Clearwell_VFD_Pump2/Runtime_CD,"ramp(3,16,17280)",Double
0,Clearwell_VFD_Pump2/Runtime_PD,"ramp(11,18,17280)",Double
0,Clearwell_VFD_Pump2/Runtime_CM,"ramp(67,150,518400)",Double
0,Clearwell_VFD_Pump2/Runtime_PM,122.3,Double
0,Clearwell_VFD_Pump2/Runtime_TOT,"ramp(376,22000,6220800)",Double
0,Clearwell_VFD_Pump2/Runtime_TOT_Reset,FALSE,Boolean
0,Clearwell_VFD_Pump2/VFD_Hertz,"sine(54,57,30)",Double
0,Clearwell_VFD_Pump2/VFD_Amps,"sine(120, 130,30)",Double
0,Clearwell_VFD_Pump2/VFD_Volts,"sine(472,481,30)",Double
0,Clearwell_VFD_Pump2/VFD_Torque,"sine(131,139,30)",Double
0,Clearwell_VFD_Pump2/VFD_Power,"sine(14.721,14.943,30)",Double
0,Clearwell_VFD_Pump3/Status_Running,TRUE,Boolean
0,Clearwell_VFD_Pump3/Status_Remote,TRUE,Boolean
0,Clearwell_VFD_Pump3/Status_Permissive,TRUE,Boolean
0,Clearwell_VFD_Pump3/Status_Speed,"sine(82,89,30)",Double
0,Clearwell_VFD_Pump3/Req_Start,TRUE,Boolean
0,Clearwell_VFD_Pump3/Req_Stop,FALSE,Boolean
0,Clearwell_VFD_Pump3/Req_Auto,TRUE,Boolean
0,Clearwell_VFD_Pump3/Req_Manual,FALSE,Boolean
0,Clearwell_VFD_Pump3/Req_Speed,93,Double
0,Clearwell_VFD_Pump3/OOS,FALSE,Boolean
0,Clearwell_VFD_Pump3/Status_Interlock1,FALSE,Boolean
0,Clearwell_VFD_Pump3/Status_Interlock2,FALSE,Boolean
0,Clearwell_VFD_Pump3/Status_Interlock3,FALSE,Boolean
0,Clearwell_VFD_Pump3/Req_Alarm_Reset,FALSE,Boolean
0,Clearwell_VFD_Pump3/Alarm_Fail_To_Start,FALSE,Boolean
0,Clearwell_VFD_Pump3/Alarm_Fail_To_Start_Delay,3,Double
0,Clearwell_VFD_Pump3/Alarm_Fail_To_Start_Enable,TRUE,Boolean
0,Clearwell_VFD_Pump3/Alarm_Overload,FALSE,Boolean
0,Clearwell_VFD_Pump3/Alarm_Overload_Delay,3,Double
0,Clearwell_VFD_Pump3/Alarm_Overload_Enable,TRUE,Boolean
0,Clearwell_VFD_Pump3/Alarm_HighTemp,FALSE,Boolean
0,Clearwell_VFD_Pump3/Alarm_HighTemp_Delay,3,Double
0,Clearwell_VFD_Pump3/Alarm_HighTemp_Enable,TRUE,Boolean
0,Clearwell_VFD_Pump3/Alarm_VFD,FALSE,Boolean
0,Clearwell_VFD_Pump3/Alarm_VFD_Delay,3,Double
0,Clearwell_VFD_Pump3/Alarm_VFD_Enable,TRUE,Boolean
0,Clearwell_VFD_Pump3/Cycles_CD,12,Int64
0,Clearwell_VFD_Pump3/Cycles_PD,23,Int64
0,Clearwell_VFD_Pump3/Cycles_CM,132,Int64
0,Clearwell_VFD_Pump3/Cycles_PM,375,Int64
0,Clearwell_VFD_Pump3/Cycles_TOT,51045,Int64
0,Clearwell_VFD_Pump3/Cycles_TOT_Reset,FALSE,Boolean
0,Clearwell_VFD_Pump3/Runtime_CD,"ramp(3,16,17280)",Double
0,Clearwell_VFD_Pump3/Runtime_PD,"ramp(13,19,17280)",Double
0,Clearwell_VFD_Pump3/Runtime_CM,"ramp(67,150,518400)",Double
0,Clearwell_VFD_Pump3/Runtime_PM,122.3,Double
0,Clearwell_VFD_Pump3/Runtime_TOT,"ramp(51000,59000,6220800)",Double
0,Clearwell_VFD_Pump3/Runtime_TOT_Reset,FALSE,Boolean
0,Clearwell_VFD_Pump3/VFD_Hertz,"sine(54,57,30)",Double
0,Clearwell_VFD_Pump3/VFD_Amps,"sine(120, 130,30)",Double
0,Clearwell_VFD_Pump3/VFD_Volts,"sine(472,481,30)",Double
0,Clearwell_VFD_Pump3/VFD_Torque,"sine(131,139,30)",Double
0,Clearwell_VFD_Pump3/VFD_Power,"sine(14.721,14.943,30)",Double
0,Clearwell_VFD_Pump4/Status_Running,FALSE,Boolean
0,Clearwell_VFD_Pump4/Status_Remote,TRUE,Boolean
0,Clearwell_VFD_Pump4/Status_Permissive,TRUE,Boolean
0,Clearwell_VFD_Pump4/Status_Speed,0,Double
0,Clearwell_VFD_Pump4/Req_Start,TRUE,Boolean
0,Clearwell_VFD_Pump4/Req_Stop,TRUE,Boolean
0,Clearwell_VFD_Pump4/Req_Auto,FALSE,Boolean
0,Clearwell_VFD_Pump4/Req_Manual,FALSE,Boolean
0,Clearwell_VFD_Pump4/Req_Speed,93,Double
0,Clearwell_VFD_Pump4/OOS,FALSE,Boolean
0,Clearwell_VFD_Pump4/Status_Interlock1,FALSE,Boolean
0,Clearwell_VFD_Pump4/Status_Interlock2,FALSE,Boolean
0,Clearwell_VFD_Pump4/Status_Interlock3,FALSE,Boolean
0,Clearwell_VFD_Pump4/Req_Alarm_Reset,FALSE,Boolean
0,Clearwell_VFD_Pump4/Alarm_Fail_To_Start,FALSE,Boolean
0,Clearwell_VFD_Pump4/Alarm_Fail_To_Start_Delay,3,Double
0,Clearwell_VFD_Pump4/Alarm_Fail_To_Start_Enable,TRUE,Boolean
0,Clearwell_VFD_Pump4/Alarm_Overload,FALSE,Boolean
0,Clearwell_VFD_Pump4/Alarm_Overload_Delay,3,Double
0,Clearwell_VFD_Pump4/Alarm_Overload_Enable,TRUE,Boolean
0,Clearwell_VFD_Pump4/Alarm_HighTemp,FALSE,Boolean
0,Clearwell_VFD_Pump4/Alarm_HighTemp_Delay,3,Double
0,Clearwell_VFD_Pump4/Alarm_HighTemp_Enable,TRUE,Boolean
0,Clearwell_VFD_Pump4/Alarm_VFD,TRUE,Boolean
0,Clearwell_VFD_Pump4/Alarm_VFD_Delay,3,Double
0,Clearwell_VFD_Pump4/Alarm_VFD_Enable,TRUE,Boolean
0,Clearwell_VFD_Pump4/Cycles_CD,12,Int64
0,Clearwell_VFD_Pump4/Cycles_PD,23,Int64
0,Clearwell_VFD_Pump4/Cycles_CM,132,Int64
0,Clearwell_VFD_Pump4/Cycles_PM,375,Int64
0,Clearwell_VFD_Pump4/Cycles_TOT,28492,Int64
0,Clearwell_VFD_Pump4/Cycles_TOT_Reset,FALSE,Boolean
0,Clearwell_VFD_Pump4/Runtime_CD,"ramp(3,16,17280)",Double
0,Clearwell_VFD_Pump4/Runtime_PD,"ramp(13,21,17280)",Double
0,Clearwell_VFD_Pump4/Runtime_CM,"ramp(67,150,518400)",Double
0,Clearwell_VFD_Pump4/Runtime_PM,122.3,Double
0,Clearwell_VFD_Pump4/Runtime_TOT,"ramp(376,35000,6220800)",Double
0,Clearwell_VFD_Pump4/Runtime_TOT_Reset,FALSE,Boolean
0,Clearwell_VFD_Pump4/VFD_Hertz,"sine(54,57,30)",Double
0,Clearwell_VFD_Pump4/VFD_Amps,"sine(120, 130,30)",Double
0,Clearwell_VFD_Pump4/VFD_Volts,"sine(472,481,30)",Double
0,Clearwell_VFD_Pump4/VFD_Torque,"sine(131,139,30)",Double
0,Clearwell_VFD_Pump4/VFD_Power,"sine(14.721,14.943,30)",Double
0,Clearwell_VFD_Pump5/Status_Running,FALSE,Boolean
0,Clearwell_VFD_Pump5/Status_Remote,TRUE,Boolean
0,Clearwell_VFD_Pump5/Status_Permissive,TRUE,Boolean
0,Clearwell_VFD_Pump5/Status_Speed,0,Double
0,Clearwell_VFD_Pump5/Req_Start,TRUE,Boolean
0,Clearwell_VFD_Pump5/Req_Stop,FALSE,Boolean
0,Clearwell_VFD_Pump5/Req_Auto,TRUE,Boolean
0,Clearwell_VFD_Pump5/Req_Manual,FALSE,Boolean
0,Clearwell_VFD_Pump5/Req_Speed,93,Double
0,Clearwell_VFD_Pump5/OOS,FALSE,Boolean
0,Clearwell_VFD_Pump5/Status_Interlock1,TRUE,Boolean
0,Clearwell_VFD_Pump5/Status_Interlock2,FALSE,Boolean
0,Clearwell_VFD_Pump5/Status_Interlock3,FALSE,Boolean
0,Clearwell_VFD_Pump5/Req_Alarm_Reset,FALSE,Boolean
0,Clearwell_VFD_Pump5/Alarm_Fail_To_Start,FALSE,Boolean
0,Clearwell_VFD_Pump5/Alarm_Fail_To_Start_Delay,3,Double
0,Clearwell_VFD_Pump5/Alarm_Fail_To_Start_Enable,TRUE,Boolean
0,Clearwell_VFD_Pump5/Alarm_Overload,FALSE,Boolean
0,Clearwell_VFD_Pump5/Alarm_Overload_Delay,3,Double
0,Clearwell_VFD_Pump5/Alarm_Overload_Enable,TRUE,Boolean
0,Clearwell_VFD_Pump5/Alarm_HighTemp,FALSE,Boolean
0,Clearwell_VFD_Pump5/Alarm_HighTemp_Delay,3,Double
0,Clearwell_VFD_Pump5/Alarm_HighTemp_Enable,TRUE,Boolean
0,Clearwell_VFD_Pump5/Alarm_VFD,FALSE,Boolean
0,Clearwell_VFD_Pump5/Alarm_VFD_Delay,3,Double
0,Clearwell_VFD_Pump5/Alarm_VFD_Enable,TRUE,Boolean
0,Clearwell_VFD_Pump5/Cycles_CD,12,Int64
0,Clearwell_VFD_Pump5/Cycles_PD,23,Int64
0,Clearwell_VFD_Pump5/Cycles_CM,132,Int64
0,Clearwell_VFD_Pump5/Cycles_PM,375,Int64
0,Clearwell_VFD_Pump5/Cycles_TOT,34845,Int64
0,Clearwell_VFD_Pump5/Cycles_TOT_Reset,FALSE,Boolean
0,Clearwell_VFD_Pump5/Runtime_CD,"ramp(3,16,17280)",Double
0,Clearwell_VFD_Pump5/Runtime_PD,"ramp(13,22,17280)",Double
0,Clearwell_VFD_Pump5/Runtime_CM,"ramp(67,150,518400)",Double
0,Clearwell_VFD_Pump5/Runtime_PM,122.3,Double
0,Clearwell_VFD_Pump5/Runtime_TOT,"ramp(376,25000,6220800)",Double
0,Clearwell_VFD_Pump5/Runtime_TOT_Reset,FALSE,Boolean
0,Clearwell_VFD_Pump5/VFD_Hertz,"sine(54,57,30)",Double
0,Clearwell_VFD_Pump5/VFD_Amps,"sine(120, 130,30)",Double
0,Clearwell_VFD_Pump5/VFD_Volts,"sine(472,481,30)",Double
0,Clearwell_VFD_Pump5/VFD_Torque,"sine(131,139,30)",Double
0,Clearwell_VFD_Pump5/VFD_Power,"sine(14.721,14.943,30)",Double
0,Clearwell_Level/Value,"sine(3,8,1000,true)",Double
0,Clearwell_Level/Max,12,Double
0,Clearwell_Level/Min,0,Double
0,Clearwell_Level/SIM,FALSE,Boolean
0,Clearwell_Level/CAL,FALSE,Boolean
0,Clearwell_Level/Alarm_HiHi_Alm,FALSE,Boolean
0,Clearwell_Level/Alarm_HiHi_Delay,5,Double
0,Clearwell_Level/Alarm_HiHi_Enable,TRUE,Boolean
0,Clearwell_Level/Alarm_HiHi_SP,11,Double
0,Clearwell_Level/Alarm_Hi_Alm,FALSE,Boolean
0,Clearwell_Level/Alarm_Hi_Delay,5,Double
0,Clearwell_Level/Alarm_Hi_Enable,TRUE,Boolean
0,Clearwell_Level/Alarm_Hi_SP,10,Double
0,Clearwell_Level/Alarm_Lo_Alm,FALSE,Boolean
0,Clearwell_Level/Alarm_Lo_Delay,5,Double
0,Clearwell_Level/Alarm_Lo_Enable,TRUE,Boolean
0,Clearwell_Level/Alarm_Lo_SP,2,Double
0,Clearwell_Level/Alarm_LoLo_Alm,FALSE,Boolean
0,Clearwell_Level/Alarm_LoLo_Delay,5,Double
0,Clearwell_Level/Alarm_LoLo_Enable,TRUE,Boolean
0,Clearwell_Level/Alarm_LoLo_SP,1,Double
0,Clearwell_Pressure/Value,"sine(70,80,1000,true)",Double
0,Clearwell_Pressure/Max,100,Double
0,Clearwell_Pressure/Min,0,Double
0,Clearwell_Pressure/SIM,FALSE,Boolean
0,Clearwell_Pressure/CAL,FALSE,Boolean
0,Clearwell_Pressure/Alarm_HiHi_Alm,FALSE,Boolean
0,Clearwell_Pressure/Alarm_HiHi_Delay,5,Double
0,Clearwell_Pressure/Alarm_HiHi_Enable,TRUE,Boolean
0,Clearwell_Pressure/Alarm_HiHi_SP,95,Double
0,Clearwell_Pressure/Alarm_Hi_Alm,FALSE,Boolean
0,Clearwell_Pressure/Alarm_Hi_Delay,5,Double
0,Clearwell_Pressure/Alarm_Hi_Enable,TRUE,Boolean
0,Clearwell_Pressure/Alarm_Hi_SP,90,Double
0,Clearwell_Pressure/Alarm_Lo_Alm,FALSE,Boolean
0,Clearwell_Pressure/Alarm_Lo_Delay,5,Double
0,Clearwell_Pressure/Alarm_Lo_Enable,TRUE,Boolean
0,Clearwell_Pressure/Alarm_Lo_SP,50,Double
0,Clearwell_Pressure/Alarm_LoLo_Alm,FALSE,Boolean
0,Clearwell_Pressure/Alarm_LoLo_Delay,5,Double
0,Clearwell_Pressure/Alarm_LoLo_Enable,TRUE,Boolean
0,Clearwell_Pressure/Alarm_LoLo_SP,40,Double
0,Clearwell_Intrusion/Alarm_Value,FALSE,Boolean
0,Clearwell_Intrusion/Alarm_Delay,3,Double
0,Clearwell_Intrusion/Alarm_Enable,TRUE,Boolean
0,Chemical_SHC_Tank/Value,"sine(300,500,1000,true)",Double
0,Chemical_SHC_Tank/Max,800,Double
0,Chemical_SHC_Tank/Min,0,Double
0,Chemical_SHC_Tank/SIM,FALSE,Boolean
0,Chemical_SHC_Tank/CAL,FALSE,Boolean
0,Chemical_SHC_Tank/Alarm_HiHi_Alm,FALSE,Boolean
0,Chemical_SHC_Tank/Alarm_HiHi_Delay,5,Double
0,Chemical_SHC_Tank/Alarm_HiHi_Enable,TRUE,Boolean
0,Chemical_SHC_Tank/Alarm_HiHi_SP,700,Double
0,Chemical_SHC_Tank/Alarm_Hi_Alm,FALSE,Boolean
0,Chemical_SHC_Tank/Alarm_Hi_Delay,5,Double
0,Chemical_SHC_Tank/Alarm_Hi_Enable,TRUE,Boolean
0,Chemical_SHC_Tank/Alarm_Hi_SP,600,Double
0,Chemical_SHC_Tank/Alarm_Lo_Alm,FALSE,Boolean
0,Chemical_SHC_Tank/Alarm_Lo_Delay,5,Double
0,Chemical_SHC_Tank/Alarm_Lo_Enable,TRUE,Boolean
0,Chemical_SHC_Tank/Alarm_Lo_SP,200,Double
0,Chemical_SHC_Tank/Alarm_LoLo_Alm,FALSE,Boolean
0,Chemical_SHC_Tank/Alarm_LoLo_Delay,5,Double
0,Chemical_SHC_Tank/Alarm_LoLo_Enable,TRUE,Boolean
0,Chemical_SHC_Tank/Alarm_LoLo_SP,100,Double
0,Chemical_FL_Tank/Value,"sine(400,600,1000,true)",Double
0,Chemical_FL_Tank/Max,800,Double
0,Chemical_FL_Tank/Min,0,Double
0,Chemical_FL_Tank/SIM,FALSE,Boolean
0,Chemical_FL_Tank/CAL,FALSE,Boolean
0,Chemical_FL_Tank/Alarm_HiHi_Alm,FALSE,Boolean
0,Chemical_FL_Tank/Alarm_HiHi_Delay,5,Double
0,Chemical_FL_Tank/Alarm_HiHi_Enable,TRUE,Boolean
0,Chemical_FL_Tank/Alarm_HiHi_SP,700,Double
0,Chemical_FL_Tank/Alarm_Hi_Alm,FALSE,Boolean
0,Chemical_FL_Tank/Alarm_Hi_Delay,5,Double
0,Chemical_FL_Tank/Alarm_Hi_Enable,TRUE,Boolean
0,Chemical_FL_Tank/Alarm_Hi_SP,650,Double
0,Chemical_FL_Tank/Alarm_Lo_Alm,FALSE,Boolean
0,Chemical_FL_Tank/Alarm_Lo_Delay,5,Double
0,Chemical_FL_Tank/Alarm_Lo_Enable,TRUE,Boolean
0,Chemical_FL_Tank/Alarm_Lo_SP,200,Double
0,Chemical_FL_Tank/Alarm_LoLo_Alm,FALSE,Boolean
0,Chemical_FL_Tank/Alarm_LoLo_Delay,5,Double
0,Chemical_FL_Tank/Alarm_LoLo_Enable,TRUE,Boolean
0,Chemical_FL_Tank/Alarm_LoLo_SP,100,Double
0,Stripper1_Inlet_Valve/Status_Open,TRUE,Boolean
0,Stripper1_Inlet_Valve/Status_Closed,FALSE,Boolean
0,Stripper1_Inlet_Valve/Status_Remote,TRUE,Boolean
0,Stripper1_Inlet_Valve/Status_Permissive,TRUE,Boolean
0,Stripper1_Inlet_Valve/Status_Position,"sine(87,95,30)",Double
0,Stripper1_Inlet_Valve/Req_Auto,TRUE,Boolean
0,Stripper1_Inlet_Valve/Req_Manual,FALSE,Boolean
0,Stripper1_Inlet_Valve/Req_Open,TRUE,Boolean
0,Stripper1_Inlet_Valve/Req_Close,FALSE,Boolean
0,Stripper1_Inlet_Valve/Req_Position,87,Double
0,Stripper1_Inlet_Valve/OOS,FALSE,Boolean
0,Stripper1_Inlet_Valve/Status_Interlock1,FALSE,Boolean
0,Stripper1_Inlet_Valve/Status_Interlock2,FALSE,Boolean
0,Stripper1_Inlet_Valve/Status_Interlock3,FALSE,Boolean
0,Stripper1_Inlet_Valve/Req_Alarm_Reset,FALSE,Boolean
0,Stripper1_Inlet_Valve/Alarm_Fail_To_Respond,FALSE,Boolean
0,Stripper1_Inlet_Valve/Alarm_Fail_To_Respond_Delay,3,Double
0,Stripper1_Inlet_Valve/Alarm_Fail_To_Respond_Enable,TRUE,Boolean
0,Stripper1_Inlet_Valve/Alarm_Fault,FALSE,Boolean
0,Stripper1_Inlet_Valve/Alarm_Fault_Delay,3,Double
0,Stripper1_Inlet_Valve/Alarm_Fault_Enable,TRUE,Boolean
0,Stripper1_Inlet_Valve/Cycles_CD,12,Int64
0,Stripper1_Inlet_Valve/Cycles_PD,23,Int64
0,Stripper1_Inlet_Valve/Cycles_CM,132,Int64
0,Stripper1_Inlet_Valve/Cycles_PM,375,Int64
0,Stripper1_Inlet_Valve/Cycles_TOT,34845,Int64
0,Stripper1_Inlet_Valve/Cycles_TOT_Reset,FALSE,Boolean
0,Stripper2_Inlet_Valve/Status_Open,FALSE,Boolean
0,Stripper2_Inlet_Valve/Status_Closed,TRUE,Boolean
0,Stripper2_Inlet_Valve/Status_Remote,TRUE,Boolean
0,Stripper2_Inlet_Valve/Status_Permissive,TRUE,Boolean
0,Stripper2_Inlet_Valve/Status_Position,0,Double
0,Stripper2_Inlet_Valve/Req_Auto,TRUE,Boolean
0,Stripper2_Inlet_Valve/Req_Manual,FALSE,Boolean
0,Stripper2_Inlet_Valve/Req_Open,FALSE,Boolean
0,Stripper2_Inlet_Valve/Req_Close,TRUE,Boolean
0,Stripper2_Inlet_Valve/Req_Position,87,Double
0,Stripper2_Inlet_Valve/OOS,FALSE,Boolean
0,Stripper2_Inlet_Valve/Status_Interlock1,TRUE,Boolean
0,Stripper2_Inlet_Valve/Status_Interlock2,FALSE,Boolean
0,Stripper2_Inlet_Valve/Status_Interlock3,FALSE,Boolean
0,Stripper2_Inlet_Valve/Req_Alarm_Reset,FALSE,Boolean
0,Stripper2_Inlet_Valve/Alarm_Fail_To_Respond,FALSE,Boolean
0,Stripper2_Inlet_Valve/Alarm_Fail_To_Respond_Delay,3,Double
0,Stripper2_Inlet_Valve/Alarm_Fail_To_Respond_Enable,TRUE,Boolean
0,Stripper2_Inlet_Valve/Alarm_Fault,FALSE,Boolean
0,Stripper2_Inlet_Valve/Alarm_Fault_Delay,3,Double
0,Stripper2_Inlet_Valve/Alarm_Fault_Enable,TRUE,Boolean
0,Stripper2_Inlet_Valve/Cycles_CD,12,Int64
0,Stripper2_Inlet_Valve/Cycles_PD,23,Int64
0,Stripper2_Inlet_Valve/Cycles_CM,132,Int64
0,Stripper2_Inlet_Valve/Cycles_PM,375,Int64
0,Stripper2_Inlet_Valve/Cycles_TOT,34845,Int64
0,Stripper2_Inlet_Valve/Cycles_TOT_Reset,FALSE,Boolean
0,Stripper3_Inlet_Valve/Status_Open,TRUE,Boolean
0,Stripper3_Inlet_Valve/Status_Closed,FALSE,Boolean
0,Stripper3_Inlet_Valve/Status_Remote,TRUE,Boolean
0,Stripper3_Inlet_Valve/Status_Permissive,TRUE,Boolean
0,Stripper3_Inlet_Valve/Status_Position,"sine(76,87,30)",Double
0,Stripper3_Inlet_Valve/Req_Auto,TRUE,Boolean
0,Stripper3_Inlet_Valve/Req_Manual,FALSE,Boolean
0,Stripper3_Inlet_Valve/Req_Open,TRUE,Boolean
0,Stripper3_Inlet_Valve/Req_Close,FALSE,Boolean
0,Stripper3_Inlet_Valve/Req_Position,87,Double
0,Stripper3_Inlet_Valve/OOS,FALSE,Boolean
0,Stripper3_Inlet_Valve/Status_Interlock1,FALSE,Boolean
0,Stripper3_Inlet_Valve/Status_Interlock2,FALSE,Boolean
0,Stripper3_Inlet_Valve/Status_Interlock3,FALSE,Boolean
0,Stripper3_Inlet_Valve/Req_Alarm_Reset,FALSE,Boolean
0,Stripper3_Inlet_Valve/Alarm_Fail_To_Respond,FALSE,Boolean
0,Stripper3_Inlet_Valve/Alarm_Fail_To_Respond_Delay,3,Double
0,Stripper3_Inlet_Valve/Alarm_Fail_To_Respond_Enable,TRUE,Boolean
0,Stripper3_Inlet_Valve/Alarm_Fault,FALSE,Boolean
0,Stripper3_Inlet_Valve/Alarm_Fault_Delay,3,Double
0,Stripper3_Inlet_Valve/Alarm_Fault_Enable,TRUE,Boolean
0,Stripper3_Inlet_Valve/Cycles_CD,12,Int64
0,Stripper3_Inlet_Valve/Cycles_PD,23,Int64
0,Stripper3_Inlet_Valve/Cycles_CM,132,Int64
0,Stripper3_Inlet_Valve/Cycles_PM,375,Int64
0,Stripper3_Inlet_Valve/Cycles_TOT,34845,Int64
0,Stripper3_Inlet_Valve/Cycles_TOT_Reset,FALSE,Boolean
0,Stripper4_Inlet_Valve/Status_Open,TRUE,Boolean
0,Stripper4_Inlet_Valve/Status_Closed,FALSE,Boolean
0,Stripper4_Inlet_Valve/Status_Remote,TRUE,Boolean
0,Stripper4_Inlet_Valve/Status_Permissive,TRUE,Boolean
0,Stripper4_Inlet_Valve/Status_Position,"sine(87,95,30)",Double
0,Stripper4_Inlet_Valve/Req_Auto,TRUE,Boolean
0,Stripper4_Inlet_Valve/Req_Manual,FALSE,Boolean
0,Stripper4_Inlet_Valve/Req_Open,TRUE,Boolean
0,Stripper4_Inlet_Valve/Req_Close,FALSE,Boolean
0,Stripper4_Inlet_Valve/Req_Position,87,Double
0,Stripper4_Inlet_Valve/OOS,FALSE,Boolean
0,Stripper4_Inlet_Valve/Status_Interlock1,FALSE,Boolean
0,Stripper4_Inlet_Valve/Status_Interlock2,FALSE,Boolean
0,Stripper4_Inlet_Valve/Status_Interlock3,FALSE,Boolean
0,Stripper4_Inlet_Valve/Req_Alarm_Reset,FALSE,Boolean
0,Stripper4_Inlet_Valve/Alarm_Fail_To_Respond,FALSE,Boolean
0,Stripper4_Inlet_Valve/Alarm_Fail_To_Respond_Delay,3,Double
0,Stripper4_Inlet_Valve/Alarm_Fail_To_Respond_Enable,TRUE,Boolean
0,Stripper4_Inlet_Valve/Alarm_Fault,FALSE,Boolean
0,Stripper4_Inlet_Valve/Alarm_Fault_Delay,3,Double
0,Stripper4_Inlet_Valve/Alarm_Fault_Enable,TRUE,Boolean
0,Stripper4_Inlet_Valve/Cycles_CD,12,Int64
0,Stripper4_Inlet_Valve/Cycles_PD,23,Int64
0,Stripper4_Inlet_Valve/Cycles_CM,132,Int64
0,Stripper4_Inlet_Valve/Cycles_PM,375,Int64
0,Stripper4_Inlet_Valve/Cycles_TOT,34845,Int64
0,Stripper4_Inlet_Valve/Cycles_TOT_Reset,FALSE,Boolean
0,Hill_Tanks_Tank1/Value,"sine(445,455,1000,true)",Double
0,Hill_Tanks_Tank1/Max,500,Double
0,Hill_Tanks_Tank1/Min,0,Double
0,Hill_Tanks_Tank1/SIM,FALSE,Boolean
0,Hill_Tanks_Tank1/CAL,FALSE,Boolean
0,Hill_Tanks_Tank1/Alarm_HiHi_Alm,FALSE,Boolean
0,Hill_Tanks_Tank1/Alarm_HiHi_Delay,5,Double
0,Hill_Tanks_Tank1/Alarm_HiHi_Enable,TRUE,Boolean
0,Hill_Tanks_Tank1/Alarm_HiHi_SP,475,Double
0,Hill_Tanks_Tank1/Alarm_Hi_Alm,FALSE,Boolean
0,Hill_Tanks_Tank1/Alarm_Hi_Delay,5,Double
0,Hill_Tanks_Tank1/Alarm_Hi_Enable,TRUE,Boolean
0,Hill_Tanks_Tank1/Alarm_Hi_SP,460,Double
0,Hill_Tanks_Tank1/Alarm_Lo_Alm,FALSE,Boolean
0,Hill_Tanks_Tank1/Alarm_Lo_Delay,5,Double
0,Hill_Tanks_Tank1/Alarm_Lo_Enable,TRUE,Boolean
0,Hill_Tanks_Tank1/Alarm_Lo_SP,430,Double
0,Hill_Tanks_Tank1/Alarm_LoLo_Alm,FALSE,Boolean
0,Hill_Tanks_Tank1/Alarm_LoLo_Delay,5,Double
0,Hill_Tanks_Tank1/Alarm_LoLo_Enable,TRUE,Boolean
0,Hill_Tanks_Tank1/Alarm_LoLo_SP,420,Double
0,Hill_Tanks_Tank2/Value,"sine(447,457,1000,true)",Double
0,Hill_Tanks_Tank2/Max,500,Double
0,Hill_Tanks_Tank2/Min,0,Double
0,Hill_Tanks_Tank2/SIM,FALSE,Boolean
0,Hill_Tanks_Tank2/CAL,FALSE,Boolean
0,Hill_Tanks_Tank2/Alarm_HiHi_Alm,FALSE,Boolean
0,Hill_Tanks_Tank2/Alarm_HiHi_Delay,5,Double
0,Hill_Tanks_Tank2/Alarm_HiHi_Enable,TRUE,Boolean
0,Hill_Tanks_Tank2/Alarm_HiHi_SP,475,Double
0,Hill_Tanks_Tank2/Alarm_Hi_Alm,FALSE,Boolean
0,Hill_Tanks_Tank2/Alarm_Hi_Delay,5,Double
0,Hill_Tanks_Tank2/Alarm_Hi_Enable,TRUE,Boolean
0,Hill_Tanks_Tank2/Alarm_Hi_SP,460,Double
0,Hill_Tanks_Tank2/Alarm_Lo_Alm,FALSE,Boolean
0,Hill_Tanks_Tank2/Alarm_Lo_Delay,5,Double
0,Hill_Tanks_Tank2/Alarm_Lo_Enable,TRUE,Boolean
0,Hill_Tanks_Tank2/Alarm_Lo_SP,430,Double
0,Hill_Tanks_Tank2/Alarm_LoLo_Alm,FALSE,Boolean
0,Hill_Tanks_Tank2/Alarm_LoLo_Delay,5,Double
0,Hill_Tanks_Tank2/Alarm_LoLo_Enable,TRUE,Boolean
0,Hill_Tanks_Tank2/Alarm_LoLo_SP,420,Double
0,Hill_Tanks_Tank3/Value,"sine(447,452,1000,true)",Double
0,Hill_Tanks_Tank3/Max,500,Double
0,Hill_Tanks_Tank3/Min,0,Double
0,Hill_Tanks_Tank3/SIM,FALSE,Boolean
0,Hill_Tanks_Tank3/CAL,FALSE,Boolean
0,Hill_Tanks_Tank3/Alarm_HiHi_Alm,FALSE,Boolean
0,Hill_Tanks_Tank3/Alarm_HiHi_Delay,5,Double
0,Hill_Tanks_Tank3/Alarm_HiHi_Enable,TRUE,Boolean
0,Hill_Tanks_Tank3/Alarm_HiHi_SP,475,Double
0,Hill_Tanks_Tank3/Alarm_Hi_Alm,FALSE,Boolean
0,Hill_Tanks_Tank3/Alarm_Hi_Delay,5,Double
0,Hill_Tanks_Tank3/Alarm_Hi_Enable,TRUE,Boolean
0,Hill_Tanks_Tank3/Alarm_Hi_SP,460,Double
0,Hill_Tanks_Tank3/Alarm_Lo_Alm,FALSE,Boolean
0,Hill_Tanks_Tank3/Alarm_Lo_Delay,5,Double
0,Hill_Tanks_Tank3/Alarm_Lo_Enable,TRUE,Boolean
0,Hill_Tanks_Tank3/Alarm_Lo_SP,430,Double
0,Hill_Tanks_Tank3/Alarm_LoLo_Alm,FALSE,Boolean
0,Hill_Tanks_Tank3/Alarm_LoLo_Delay,5,Double
0,Hill_Tanks_Tank3/Alarm_LoLo_Enable,TRUE,Boolean
0,Hill_Tanks_Tank3/Alarm_LoLo_SP,420,Double
0,Hill_Tanks_Tank4/Value,"sine(449,457,1000,true)",Double
0,Hill_Tanks_Tank4/Max,500,Double
0,Hill_Tanks_Tank4/Min,0,Double
0,Hill_Tanks_Tank4/SIM,FALSE,Boolean
0,Hill_Tanks_Tank4/CAL,FALSE,Boolean
0,Hill_Tanks_Tank4/Alarm_HiHi_Alm,FALSE,Boolean
0,Hill_Tanks_Tank4/Alarm_HiHi_Delay,5,Double
0,Hill_Tanks_Tank4/Alarm_HiHi_Enable,TRUE,Boolean
0,Hill_Tanks_Tank4/Alarm_HiHi_SP,475,Double
0,Hill_Tanks_Tank4/Alarm_Hi_Alm,FALSE,Boolean
0,Hill_Tanks_Tank4/Alarm_Hi_Delay,5,Double
0,Hill_Tanks_Tank4/Alarm_Hi_Enable,TRUE,Boolean
0,Hill_Tanks_Tank4/Alarm_Hi_SP,460,Double
0,Hill_Tanks_Tank4/Alarm_Lo_Alm,FALSE,Boolean
0,Hill_Tanks_Tank4/Alarm_Lo_Delay,5,Double
0,Hill_Tanks_Tank4/Alarm_Lo_Enable,TRUE,Boolean
0,Hill_Tanks_Tank4/Alarm_Lo_SP,430,Double
0,Hill_Tanks_Tank4/Alarm_LoLo_Alm,FALSE,Boolean
0,Hill_Tanks_Tank4/Alarm_LoLo_Delay,5,Double
0,Hill_Tanks_Tank4/Alarm_LoLo_Enable,TRUE,Boolean
0,Hill_Tanks_Tank4/Alarm_LoLo_SP,420,Double
0,Hill_Tanks_Valve1/Status_Open,TRUE,Boolean
0,Hill_Tanks_Valve1/Status_Closed,FALSE,Boolean
0,Hill_Tanks_Valve1/Status_Remote,TRUE,Boolean
0,Hill_Tanks_Valve1/Status_Permissive,TRUE,Boolean
0,Hill_Tanks_Valve1/HOA,2,Int16
0,Hill_Tanks_Valve1/Req_Auto,TRUE,Boolean
0,Hill_Tanks_Valve1/Req_Open,FALSE,Boolean
0,Hill_Tanks_Valve1/Req_Close,FALSE,Boolean
0,Hill_Tanks_Valve1/OOS,FALSE,Boolean
0,Hill_Tanks_Valve1/Status_Interlock1,FALSE,Boolean
0,Hill_Tanks_Valve1/Status_Interlock2,FALSE,Boolean
0,Hill_Tanks_Valve1/Status_Interlock3,FALSE,Boolean
0,Hill_Tanks_Valve1/Req_Alarm_Reset,FALSE,Boolean
0,Hill_Tanks_Valve1/Alarm_Fail_To_Respond,FALSE,Boolean
0,Hill_Tanks_Valve1/Alarm_Fail_To_Respond_Delay,3,Double
0,Hill_Tanks_Valve1/Alarm_Fail_To_Respond_Enable,TRUE,Boolean
0,Hill_Tanks_Valve1/Alarm_Fault,FALSE,Boolean
0,Hill_Tanks_Valve1/Alarm_Fault_Delay,3,Double
0,Hill_Tanks_Valve1/Alarm_Fault_Enable,TRUE,Boolean
0,Hill_Tanks_Valve1/Cycles_CD,12,Int64
0,Hill_Tanks_Valve1/Cycles_PD,23,Int64
0,Hill_Tanks_Valve1/Cycles_CM,132,Int64
0,Hill_Tanks_Valve1/Cycles_PM,375,Int64
0,Hill_Tanks_Valve1/Cycles_TOT,34845,Int64
0,Hill_Tanks_Valve1/Cycles_TOT_Reset,FALSE,Boolean
0,Hill_Tanks_Valve2/Status_Open,TRUE,Boolean
0,Hill_Tanks_Valve2/Status_Closed,FALSE,Boolean
0,Hill_Tanks_Valve2/Status_Remote,TRUE,Boolean
0,Hill_Tanks_Valve2/Status_Permissive,TRUE,Boolean
0,Hill_Tanks_Valve2/HOA,2,Int16
0,Hill_Tanks_Valve2/Req_Auto,TRUE,Boolean
0,Hill_Tanks_Valve2/Req_Open,FALSE,Boolean
0,Hill_Tanks_Valve2/Req_Close,FALSE,Boolean
0,Hill_Tanks_Valve2/OOS,FALSE,Boolean
0,Hill_Tanks_Valve2/Status_Interlock1,FALSE,Boolean
0,Hill_Tanks_Valve2/Status_Interlock2,FALSE,Boolean
0,Hill_Tanks_Valve2/Status_Interlock3,FALSE,Boolean
0,Hill_Tanks_Valve2/Req_Alarm_Reset,FALSE,Boolean
0,Hill_Tanks_Valve2/Alarm_Fail_To_Respond,FALSE,Boolean
0,Hill_Tanks_Valve2/Alarm_Fail_To_Respond_Delay,3,Double
0,Hill_Tanks_Valve2/Alarm_Fail_To_Respond_Enable,TRUE,Boolean
0,Hill_Tanks_Valve2/Alarm_Fault,FALSE,Boolean
0,Hill_Tanks_Valve2/Alarm_Fault_Delay,3,Double
0,Hill_Tanks_Valve2/Alarm_Fault_Enable,TRUE,Boolean
0,Hill_Tanks_Valve2/Cycles_CD,12,Int64
0,Hill_Tanks_Valve2/Cycles_PD,23,Int64
0,Hill_Tanks_Valve2/Cycles_CM,132,Int64
0,Hill_Tanks_Valve2/Cycles_PM,375,Int64
0,Hill_Tanks_Valve2/Cycles_TOT,34845,Int64
0,Hill_Tanks_Valve2/Cycles_TOT_Reset,FALSE,Boolean
0,Hill_Tanks_Valve3/Status_Open,FALSE,Boolean
0,Hill_Tanks_Valve3/Status_Closed,TRUE,Boolean
0,Hill_Tanks_Valve3/Status_Remote,TRUE,Boolean
0,Hill_Tanks_Valve3/Status_Permissive,TRUE,Boolean
0,Hill_Tanks_Valve3/HOA,2,Int16
0,Hill_Tanks_Valve3/Req_Auto,TRUE,Boolean
0,Hill_Tanks_Valve3/Req_Open,FALSE,Boolean
0,Hill_Tanks_Valve3/Req_Close,FALSE,Boolean
0,Hill_Tanks_Valve3/OOS,FALSE,Boolean
0,Hill_Tanks_Valve3/Status_Interlock1,FALSE,Boolean
0,Hill_Tanks_Valve3/Status_Interlock2,FALSE,Boolean
0,Hill_Tanks_Valve3/Status_Interlock3,FALSE,Boolean
0,Hill_Tanks_Valve3/Req_Alarm_Reset,FALSE,Boolean
0,Hill_Tanks_Valve3/Alarm_Fail_To_Respond,FALSE,Boolean
0,Hill_Tanks_Valve3/Alarm_Fail_To_Respond_Delay,3,Double
0,Hill_Tanks_Valve3/Alarm_Fail_To_Respond_Enable,TRUE,Boolean
0,Hill_Tanks_Valve3/Alarm_Fault,FALSE,Boolean
0,Hill_Tanks_Valve3/Alarm_Fault_Delay,3,Double
0,Hill_Tanks_Valve3/Alarm_Fault_Enable,TRUE,Boolean
0,Hill_Tanks_Valve3/Cycles_CD,12,Int64
0,Hill_Tanks_Valve3/Cycles_PD,23,Int64
0,Hill_Tanks_Valve3/Cycles_CM,132,Int64
0,Hill_Tanks_Valve3/Cycles_PM,375,Int64
0,Hill_Tanks_Valve3/Cycles_TOT,34845,Int64
0,Hill_Tanks_Valve3/Cycles_TOT_Reset,FALSE,Boolean
0,Hill_Tanks_Valve4/Status_Open,TRUE,Boolean
0,Hill_Tanks_Valve4/Status_Closed,FALSE,Boolean
0,Hill_Tanks_Valve4/Status_Remote,TRUE,Boolean
0,Hill_Tanks_Valve4/Status_Permissive,TRUE,Boolean
0,Hill_Tanks_Valve4/HOA,2,Int16
0,Hill_Tanks_Valve4/Req_Auto,TRUE,Boolean
0,Hill_Tanks_Valve4/Req_Open,FALSE,Boolean
0,Hill_Tanks_Valve4/Req_Close,FALSE,Boolean
0,Hill_Tanks_Valve4/OOS,FALSE,Boolean
0,Hill_Tanks_Valve4/Status_Interlock1,FALSE,Boolean
0,Hill_Tanks_Valve4/Status_Interlock2,FALSE,Boolean
0,Hill_Tanks_Valve4/Status_Interlock3,FALSE,Boolean
0,Hill_Tanks_Valve4/Req_Alarm_Reset,FALSE,Boolean
0,Hill_Tanks_Valve4/Alarm_Fail_To_Respond,FALSE,Boolean
0,Hill_Tanks_Valve4/Alarm_Fail_To_Respond_Delay,3,Double
0,Hill_Tanks_Valve4/Alarm_Fail_To_Respond_Enable,TRUE,Boolean
0,Hill_Tanks_Valve4/Alarm_Fault,FALSE,Boolean
0,Hill_Tanks_Valve4/Alarm_Fault_Delay,3,Double
0,Hill_Tanks_Valve4/Alarm_Fault_Enable,TRUE,Boolean
0,Hill_Tanks_Valve4/Cycles_CD,12,Int64
0,Hill_Tanks_Valve4/Cycles_PD,23,Int64
0,Hill_Tanks_Valve4/Cycles_CM,132,Int64
0,Hill_Tanks_Valve4/Cycles_PM,375,Int64
0,Hill_Tanks_Valve4/Cycles_TOT,34845,Int64
0,Hill_Tanks_Valve4/Cycles_TOT_Reset,FALSE,Boolean
0,North_Tower_Level/Value,"sine(540,545,1000,true)",Double
0,North_Tower_Level/Max,600,Double
0,North_Tower_Level/Min,0,Double
0,North_Tower_Level/SIM,FALSE,Boolean
0,North_Tower_Level/CAL,FALSE,Boolean
0,North_Tower_Level/Alarm_HiHi_Alm,FALSE,Boolean
0,North_Tower_Level/Alarm_HiHi_Delay,5,Double
0,North_Tower_Level/Alarm_HiHi_Enable,TRUE,Boolean
0,North_Tower_Level/Alarm_HiHi_SP,565,Double
0,North_Tower_Level/Alarm_Hi_Alm,FALSE,Boolean
0,North_Tower_Level/Alarm_Hi_Delay,5,Double
0,North_Tower_Level/Alarm_Hi_Enable,TRUE,Boolean
0,North_Tower_Level/Alarm_Hi_SP,550,Double
0,North_Tower_Level/Alarm_Lo_Alm,FALSE,Boolean
0,North_Tower_Level/Alarm_Lo_Delay,5,Double
0,North_Tower_Level/Alarm_Lo_Enable,TRUE,Boolean
0,North_Tower_Level/Alarm_Lo_SP,530,Double
0,North_Tower_Level/Alarm_LoLo_Alm,FALSE,Boolean
0,North_Tower_Level/Alarm_LoLo_Delay,5,Double
0,North_Tower_Level/Alarm_LoLo_Enable,TRUE,Boolean
0,North_Tower_Level/Alarm_LoLo_SP,520,Double
0,South_Tower_Level/Value,"sine(542,557,1000,true)",Double
0,South_Tower_Level/Max,600,Double
0,South_Tower_Level/Min,0,Double
0,South_Tower_Level/SIM,FALSE,Boolean
0,South_Tower_Level/CAL,FALSE,Boolean
0,South_Tower_Level/Alarm_HiHi_Alm,FALSE,Boolean
0,South_Tower_Level/Alarm_HiHi_Delay,5,Double
0,South_Tower_Level/Alarm_HiHi_Enable,TRUE,Boolean
0,South_Tower_Level/Alarm_HiHi_SP,565,Double
0,South_Tower_Level/Alarm_Hi_Alm,FALSE,Boolean
0,South_Tower_Level/Alarm_Hi_Delay,5,Double
0,South_Tower_Level/Alarm_Hi_Enable,TRUE,Boolean
0,South_Tower_Level/Alarm_Hi_SP,550,Double
0,South_Tower_Level/Alarm_Lo_Alm,FALSE,Boolean
0,South_Tower_Level/Alarm_Lo_Delay,5,Double
0,South_Tower_Level/Alarm_Lo_Enable,TRUE,Boolean
0,South_Tower_Level/Alarm_Lo_SP,530,Double
0,South_Tower_Level/Alarm_LoLo_Alm,FALSE,Boolean
0,South_Tower_Level/Alarm_LoLo_Delay,5,Double
0,South_Tower_Level/Alarm_LoLo_Enable,TRUE,Boolean
0,South_Tower_Level/Alarm_LoLo_SP,520,Double
0,North_Tower_CL2_Analyzer/Value,"sine(.93,1.245,1000,true)",Double
0,North_Tower_CL2_Analyzer/Max,5,Double
0,North_Tower_CL2_Analyzer/Min,0,Double
0,North_Tower_CL2_Analyzer/SIM,FALSE,Boolean
0,North_Tower_CL2_Analyzer/CAL,FALSE,Boolean
0,North_Tower_CL2_Analyzer/Alarm_HiHi_Alm,FALSE,Boolean
0,North_Tower_CL2_Analyzer/Alarm_HiHi_Delay,5,Double
0,North_Tower_CL2_Analyzer/Alarm_HiHi_Enable,TRUE,Boolean
0,North_Tower_CL2_Analyzer/Alarm_HiHi_SP,2.5,Double
0,North_Tower_CL2_Analyzer/Alarm_Hi_Alm,FALSE,Boolean
0,North_Tower_CL2_Analyzer/Alarm_Hi_Delay,5,Double
0,North_Tower_CL2_Analyzer/Alarm_Hi_Enable,TRUE,Boolean
0,North_Tower_CL2_Analyzer/Alarm_Hi_SP,2,Double
0,North_Tower_CL2_Analyzer/Alarm_Lo_Alm,FALSE,Boolean
0,North_Tower_CL2_Analyzer/Alarm_Lo_Delay,5,Double
0,North_Tower_CL2_Analyzer/Alarm_Lo_Enable,TRUE,Boolean
0,North_Tower_CL2_Analyzer/Alarm_Lo_SP,0.5,Double
0,North_Tower_CL2_Analyzer/Alarm_LoLo_Alm,FALSE,Boolean
0,North_Tower_CL2_Analyzer/Alarm_LoLo_Delay,5,Double
0,North_Tower_CL2_Analyzer/Alarm_LoLo_Enable,TRUE,Boolean
0,North_Tower_CL2_Analyzer/Alarm_LoLo_SP,0.3,Double
0,South_Tower_CL2_Analyzer/Value,"sine(.83,1.145,1000,true)",Double
0,South_Tower_CL2_Analyzer/Max,5,Double
0,South_Tower_CL2_Analyzer/Min,0,Double
0,South_Tower_CL2_Analyzer/SIM,FALSE,Boolean
0,South_Tower_CL2_Analyzer/CAL,FALSE,Boolean
0,South_Tower_CL2_Analyzer/Alarm_HiHi_Alm,FALSE,Boolean
0,South_Tower_CL2_Analyzer/Alarm_HiHi_Delay,5,Double
0,South_Tower_CL2_Analyzer/Alarm_HiHi_Enable,TRUE,Boolean
0,South_Tower_CL2_Analyzer/Alarm_HiHi_SP,2.5,Double
0,South_Tower_CL2_Analyzer/Alarm_Hi_Alm,FALSE,Boolean
0,South_Tower_CL2_Analyzer/Alarm_Hi_Delay,5,Double
0,South_Tower_CL2_Analyzer/Alarm_Hi_Enable,TRUE,Boolean
0,South_Tower_CL2_Analyzer/Alarm_Hi_SP,2,Double
0,South_Tower_CL2_Analyzer/Alarm_Lo_Alm,FALSE,Boolean
0,South_Tower_CL2_Analyzer/Alarm_Lo_Delay,5,Double
0,South_Tower_CL2_Analyzer/Alarm_Lo_Enable,TRUE,Boolean
0,South_Tower_CL2_Analyzer/Alarm_Lo_SP,0.5,Double
0,South_Tower_CL2_Analyzer/Alarm_LoLo_Alm,FALSE,Boolean
0,South_Tower_CL2_Analyzer/Alarm_LoLo_Delay,5,Double
0,South_Tower_CL2_Analyzer/Alarm_LoLo_Enable,TRUE,Boolean
0,South_Tower_CL2_Analyzer/Alarm_LoLo_SP,0.3,Double
0,Booster_PS_VFD_Pump1/Status_Running,TRUE,Boolean
0,Booster_PS_VFD_Pump1/Status_Remote,TRUE,Boolean
0,Booster_PS_VFD_Pump1/Status_Permissive,TRUE,Boolean
0,Booster_PS_VFD_Pump1/Status_Speed,"sine(92,96,30)",Double
0,Booster_PS_VFD_Pump1/Req_Start,TRUE,Boolean
0,Booster_PS_VFD_Pump1/Req_Stop,FALSE,Boolean
0,Booster_PS_VFD_Pump1/Req_Auto,TRUE,Boolean
0,Booster_PS_VFD_Pump1/Req_Manual,FALSE,Boolean
0,Booster_PS_VFD_Pump1/Req_Speed,93,Double
0,Booster_PS_VFD_Pump1/OOS,FALSE,Boolean
0,Booster_PS_VFD_Pump1/Status_Interlock1,FALSE,Boolean
0,Booster_PS_VFD_Pump1/Status_Interlock2,FALSE,Boolean
0,Booster_PS_VFD_Pump1/Status_Interlock3,FALSE,Boolean
0,Booster_PS_VFD_Pump1/Req_Alarm_Reset,FALSE,Boolean
0,Booster_PS_VFD_Pump1/Alarm_Fail_To_Start,FALSE,Boolean
0,Booster_PS_VFD_Pump1/Alarm_Fail_To_Start_Delay,3,Double
0,Booster_PS_VFD_Pump1/Alarm_Fail_To_Start_Enable,TRUE,Boolean
0,Booster_PS_VFD_Pump1/Alarm_Overload,FALSE,Boolean
0,Booster_PS_VFD_Pump1/Alarm_Overload_Delay,3,Double
0,Booster_PS_VFD_Pump1/Alarm_Overload_Enable,TRUE,Boolean
0,Booster_PS_VFD_Pump1/Alarm_HighTemp,FALSE,Boolean
0,Booster_PS_VFD_Pump1/Alarm_HighTemp_Delay,3,Double
0,Booster_PS_VFD_Pump1/Alarm_HighTemp_Enable,TRUE,Boolean
0,Booster_PS_VFD_Pump1/Alarm_VFD,FALSE,Boolean
0,Booster_PS_VFD_Pump1/Alarm_VFD_Delay,3,Double
0,Booster_PS_VFD_Pump1/Alarm_VFD_Enable,TRUE,Boolean
0,Booster_PS_VFD_Pump1/Cycles_CD,12,Int64
0,Booster_PS_VFD_Pump1/Cycles_PD,23,Int64
0,Booster_PS_VFD_Pump1/Cycles_CM,132,Int64
0,Booster_PS_VFD_Pump1/Cycles_PM,375,Int64
0,Booster_PS_VFD_Pump1/Cycles_TOT,34845,Int64
0,Booster_PS_VFD_Pump1/Cycles_TOT_Reset,FALSE,Boolean
0,Booster_PS_VFD_Pump1/Runtime_CD,"ramp(3,16,17280)",Double
0,Booster_PS_VFD_Pump1/Runtime_PD,"ramp(12,18,17280)",Double
0,Booster_PS_VFD_Pump1/Runtime_CM,"ramp(67,150,518400)",Double
0,Booster_PS_VFD_Pump1/Runtime_PM,122.3,Double
0,Booster_PS_VFD_Pump1/Runtime_TOT,"ramp(376,35000,6220800)",Double
0,Booster_PS_VFD_Pump1/Runtime_TOT_Reset,FALSE,Boolean
0,Booster_PS_VFD_Pump1/VFD_Hertz,"sine(54,57,30)",Double
0,Booster_PS_VFD_Pump1/VFD_Amps,"sine(120, 130,30)",Double
0,Booster_PS_VFD_Pump1/VFD_Volts,"sine(472,481,30)",Double
0,Booster_PS_VFD_Pump1/VFD_Torque,"sine(131,139,30)",Double
0,Booster_PS_VFD_Pump1/VFD_Power,"sine(14.721,14.943,30)",Double
0,Booster_PS_VFD_Pump2/Status_Running,FALSE,Boolean
0,Booster_PS_VFD_Pump2/Status_Remote,TRUE,Boolean
0,Booster_PS_VFD_Pump2/Status_Permissive,TRUE,Boolean
0,Booster_PS_VFD_Pump2/Status_Speed,0,Double
0,Booster_PS_VFD_Pump2/Req_Start,TRUE,Boolean
0,Booster_PS_VFD_Pump2/Req_Stop,FALSE,Boolean
0,Booster_PS_VFD_Pump2/Req_Auto,TRUE,Boolean
0,Booster_PS_VFD_Pump2/Req_Manual,FALSE,Boolean
0,Booster_PS_VFD_Pump2/Req_Speed,93,Double
0,Booster_PS_VFD_Pump2/OOS,FALSE,Boolean
0,Booster_PS_VFD_Pump2/Status_Interlock1,FALSE,Boolean
0,Booster_PS_VFD_Pump2/Status_Interlock2,FALSE,Boolean
0,Booster_PS_VFD_Pump2/Status_Interlock3,FALSE,Boolean
0,Booster_PS_VFD_Pump2/Req_Alarm_Reset,FALSE,Boolean
0,Booster_PS_VFD_Pump2/Alarm_Fail_To_Start,FALSE,Boolean
0,Booster_PS_VFD_Pump2/Alarm_Fail_To_Start_Delay,3,Double
0,Booster_PS_VFD_Pump2/Alarm_Fail_To_Start_Enable,TRUE,Boolean
0,Booster_PS_VFD_Pump2/Alarm_Overload,FALSE,Boolean
0,Booster_PS_VFD_Pump2/Alarm_Overload_Delay,3,Double
0,Booster_PS_VFD_Pump2/Alarm_Overload_Enable,TRUE,Boolean
0,Booster_PS_VFD_Pump2/Alarm_HighTemp,FALSE,Boolean
0,Booster_PS_VFD_Pump2/Alarm_HighTemp_Delay,3,Double
0,Booster_PS_VFD_Pump2/Alarm_HighTemp_Enable,TRUE,Boolean
0,Booster_PS_VFD_Pump2/Alarm_VFD,FALSE,Boolean
0,Booster_PS_VFD_Pump2/Alarm_VFD_Delay,3,Double
0,Booster_PS_VFD_Pump2/Alarm_VFD_Enable,TRUE,Boolean
0,Booster_PS_VFD_Pump2/Cycles_CD,12,Int64
0,Booster_PS_VFD_Pump2/Cycles_PD,23,Int64
0,Booster_PS_VFD_Pump2/Cycles_CM,132,Int64
0,Booster_PS_VFD_Pump2/Cycles_PM,375,Int64
0,Booster_PS_VFD_Pump2/Cycles_TOT,34845,Int64
0,Booster_PS_VFD_Pump2/Cycles_TOT_Reset,FALSE,Boolean
0,Booster_PS_VFD_Pump2/Runtime_CD,"ramp(3,16,17280)",Double
0,Booster_PS_VFD_Pump2/Runtime_PD,"ramp(11,18,17280)",Double
0,Booster_PS_VFD_Pump2/Runtime_CM,"ramp(67,150,518400)",Double
0,Booster_PS_VFD_Pump2/Runtime_PM,122.3,Double
0,Booster_PS_VFD_Pump2/Runtime_TOT,"ramp(376,35000,6220800)",Double
0,Booster_PS_VFD_Pump2/Runtime_TOT_Reset,FALSE,Boolean
0,Booster_PS_VFD_Pump2/VFD_Hertz,"sine(54,57,30)",Double
0,Booster_PS_VFD_Pump2/VFD_Amps,"sine(120, 130,30)",Double
0,Booster_PS_VFD_Pump2/VFD_Volts,"sine(472,481,30)",Double
0,Booster_PS_VFD_Pump2/VFD_Torque,"sine(131,139,30)",Double
0,Booster_PS_VFD_Pump2/VFD_Power,"sine(14.721,14.943,30)",Double
0,Booster_PS_VFD_Pump3/Status_Running,TRUE,Boolean
0,Booster_PS_VFD_Pump3/Status_Remote,TRUE,Boolean
0,Booster_PS_VFD_Pump3/Status_Permissive,TRUE,Boolean
0,Booster_PS_VFD_Pump3/Status_Speed,"sine(87,90,30)",Double
0,Booster_PS_VFD_Pump3/Req_Start,TRUE,Boolean
0,Booster_PS_VFD_Pump3/Req_Stop,FALSE,Boolean
0,Booster_PS_VFD_Pump3/Req_Auto,TRUE,Boolean
0,Booster_PS_VFD_Pump3/Req_Manual,FALSE,Boolean
0,Booster_PS_VFD_Pump3/Req_Speed,93,Double
0,Booster_PS_VFD_Pump3/OOS,FALSE,Boolean
0,Booster_PS_VFD_Pump3/Status_Interlock1,FALSE,Boolean
0,Booster_PS_VFD_Pump3/Status_Interlock2,FALSE,Boolean
0,Booster_PS_VFD_Pump3/Status_Interlock3,FALSE,Boolean
0,Booster_PS_VFD_Pump3/Req_Alarm_Reset,FALSE,Boolean
0,Booster_PS_VFD_Pump3/Alarm_Fail_To_Start,FALSE,Boolean
0,Booster_PS_VFD_Pump3/Alarm_Fail_To_Start_Delay,3,Double
0,Booster_PS_VFD_Pump3/Alarm_Fail_To_Start_Enable,TRUE,Boolean
0,Booster_PS_VFD_Pump3/Alarm_Overload,FALSE,Boolean
0,Booster_PS_VFD_Pump3/Alarm_Overload_Delay,3,Double
0,Booster_PS_VFD_Pump3/Alarm_Overload_Enable,TRUE,Boolean
0,Booster_PS_VFD_Pump3/Alarm_HighTemp,FALSE,Boolean
0,Booster_PS_VFD_Pump3/Alarm_HighTemp_Delay,3,Double
0,Booster_PS_VFD_Pump3/Alarm_HighTemp_Enable,TRUE,Boolean
0,Booster_PS_VFD_Pump3/Alarm_VFD,FALSE,Boolean
0,Booster_PS_VFD_Pump3/Alarm_VFD_Delay,3,Double
0,Booster_PS_VFD_Pump3/Alarm_VFD_Enable,TRUE,Boolean
0,Booster_PS_VFD_Pump3/Cycles_CD,12,Int64
0,Booster_PS_VFD_Pump3/Cycles_PD,23,Int64
0,Booster_PS_VFD_Pump3/Cycles_CM,132,Int64
0,Booster_PS_VFD_Pump3/Cycles_PM,375,Int64
0,Booster_PS_VFD_Pump3/Cycles_TOT,34845,Int64
0,Booster_PS_VFD_Pump3/Cycles_TOT_Reset,FALSE,Boolean
0,Booster_PS_VFD_Pump3/Runtime_CD,"ramp(3,16,17280)",Double
0,Booster_PS_VFD_Pump3/Runtime_PD,"ramp(13,19,17280)",Double
0,Booster_PS_VFD_Pump3/Runtime_CM,"ramp(67,150,518400)",Double
0,Booster_PS_VFD_Pump3/Runtime_PM,122.3,Double
0,Booster_PS_VFD_Pump3/Runtime_TOT,"ramp(376,35000,6220800)",Double
0,Booster_PS_VFD_Pump3/Runtime_TOT_Reset,FALSE,Boolean
0,Booster_PS_VFD_Pump3/VFD_Hertz,"sine(54,57,30)",Double
0,Booster_PS_VFD_Pump3/VFD_Amps,"sine(120, 130,30)",Double
0,Booster_PS_VFD_Pump3/VFD_Volts,"sine(472,481,30)",Double
0,Booster_PS_VFD_Pump3/VFD_Torque,"sine(131,139,30)",Double
0,Booster_PS_VFD_Pump3/VFD_Power,"sine(14.721,14.943,30)",Double
0,Booster_PS_Pressure/Value,"sine(71,78,1000,true)",Double
0,Booster_PS_Pressure/Max,100,Double
0,Booster_PS_Pressure/Min,0,Double
0,Booster_PS_Pressure/SIM,FALSE,Boolean
0,Booster_PS_Pressure/CAL,FALSE,Boolean
0,Booster_PS_Pressure/Alarm_HiHi_Alm,FALSE,Boolean
0,Booster_PS_Pressure/Alarm_HiHi_Delay,5,Double
0,Booster_PS_Pressure/Alarm_HiHi_Enable,TRUE,Boolean
0,Booster_PS_Pressure/Alarm_HiHi_SP,95,Double
0,Booster_PS_Pressure/Alarm_Hi_Alm,FALSE,Boolean
0,Booster_PS_Pressure/Alarm_Hi_Delay,5,Double
0,Booster_PS_Pressure/Alarm_Hi_Enable,TRUE,Boolean
0,Booster_PS_Pressure/Alarm_Hi_SP,90,Double
0,Booster_PS_Pressure/Alarm_Lo_Alm,FALSE,Boolean
0,Booster_PS_Pressure/Alarm_Lo_Delay,5,Double
0,Booster_PS_Pressure/Alarm_Lo_Enable,TRUE,Boolean
0,Booster_PS_Pressure/Alarm_Lo_SP,50,Double
0,Booster_PS_Pressure/Alarm_LoLo_Alm,FALSE,Boolean
0,Booster_PS_Pressure/Alarm_LoLo_Delay,5,Double
0,Booster_PS_Pressure/Alarm_LoLo_Enable,TRUE,Boolean
0,Booster_PS_Pressure/Alarm_LoLo_SP,40,Double
0,Booster_PS_Flow/Value,"sine(650,850,1000,true)",Double
0,Booster_PS_Flow/Max,1000,Double
0,Booster_PS_Flow/Min,0,Double
0,Booster_PS_Flow/SIM,FALSE,Boolean
0,Booster_PS_Flow/CAL,FALSE,Boolean
0,Booster_PS_Flow/Alarm_HiHi_Alm,FALSE,Boolean
0,Booster_PS_Flow/Alarm_HiHi_Delay,5,Double
0,Booster_PS_Flow/Alarm_HiHi_Enable,TRUE,Boolean
0,Booster_PS_Flow/Alarm_HiHi_SP,900,Double
0,Booster_PS_Flow/Alarm_Hi_Alm,FALSE,Boolean
0,Booster_PS_Flow/Alarm_Hi_Delay,5,Double
0,Booster_PS_Flow/Alarm_Hi_Enable,TRUE,Boolean
0,Booster_PS_Flow/Alarm_Hi_SP,850,Double
0,Booster_PS_Flow/Alarm_Lo_Alm,FALSE,Boolean
0,Booster_PS_Flow/Alarm_Lo_Delay,5,Double
0,Booster_PS_Flow/Alarm_Lo_Enable,FALSE,Boolean
0,Booster_PS_Flow/Alarm_Lo_SP,0,Double
0,Booster_PS_Flow/Alarm_LoLo_Alm,FALSE,Boolean
0,Booster_PS_Flow/Alarm_LoLo_Delay,5,Double
0,Booster_PS_Flow/Alarm_LoLo_Enable,FALSE,Boolean
0,Booster_PS_Flow/Alarm_LoLo_SP,0,Double
0,Booster_PS_Flow_TOT/CD,"ramp(0,1000000,17280)",Double
0,Booster_PS_Flow_TOT/PD,"ramp(329934,729934,17280)",Double
0,Booster_PS_Flow_TOT/CM,"ramp(15000000,30000000,518400)",Double
0,Booster_PS_Flow_TOT/PM,"ramp(10481760,22481760,17280)",Double
0,Booster_PS_Flow_TOT/TOT,"ramp(120000000,360000000,6220800)",Double
0,Booster_PS_Flow_TOT/TOT_Reset,FALSE,Boolean
0,Booster_PS_Generator/Status_Running,FALSE,Boolean
0,Booster_PS_Generator/Status_ATS_Emergency,FALSE,Boolean
0,Booster_PS_Generator/Req_Alarm_Reset,FALSE,Boolean
0,Booster_PS_Generator/Alarm_Gen_Running,FALSE,Boolean
0,Booster_PS_Generator/Alarm_Gen_Running_Delay,3,Double
0,Booster_PS_Generator/Alarm_Gen_Running_Enable,TRUE,Boolean
0,Booster_PS_Generator/Alarm_Gen_Fault,FALSE,Boolean
0,Booster_PS_Generator/Alarm_Gen_Fault_Delay,3,Double
0,Booster_PS_Generator/Alarm_Gen_Fault_Enable,TRUE,Boolean
0,Booster_PS_Generator/Alarm_Fuel_Low,FALSE,Boolean
0,Booster_PS_Generator/Alarm_Fuel_Low_Delay,3,Double
0,Booster_PS_Generator/Alarm_Fuel_Low_Enable,TRUE,Boolean
0,Booster_PS_Generator/Cycles_CD,12,Int64
0,Booster_PS_Generator/Cycles_PD,23,Int64
0,Booster_PS_Generator/Cycles_CM,132,Int64
0,Booster_PS_Generator/Cycles_PM,375,Int64
0,Booster_PS_Generator/Cycles_TOT,34845,Int64
0,Booster_PS_Generator/Cycles_TOT_Reset,FALSE,Boolean
0,Booster_PS_Generator/Runtime_CD,"ramp(3,16,17280)",Double
0,Booster_PS_Generator/Runtime_PD,"ramp(12,18,17280)",Double
0,Booster_PS_Generator/Runtime_CM,"ramp(67,150,518400)",Double
0,Booster_PS_Generator/Runtime_PM,122.3,Double
0,Booster_PS_Generator/Runtime_TOT,"ramp(376,35000,6220800)",Double
0,Booster_PS_Generator/Runtime_TOT_Reset,FALSE,Boolean
0,Chemical_SHC_Pump/Status_Running,"sine(0,2,3000)",Boolean
0,Chemical_SHC_Pump/Status_Remote,TRUE,Boolean
0,Chemical_SHC_Pump/Status_Permissive,TRUE,Boolean
0,Chemical_SHC_Pump/Status_Speed,"sine(45,52,30)",Double
0,Chemical_SHC_Pump/Status_Flow_Pace,"sine(2.8,4.7,30)",Double
0,Chemical_SHC_Pump/Status_Pump_Vol_Flow,"sine(53,78,30)",Double
0,Chemical_SHC_Pump/Status_Pump_Mass_Flow,"sine(371,583,30)",Double
0,Chemical_SHC_Pump/Pump_Rating,60,Double
0,Chemical_SHC_Pump/Solution_Percentage,11,Double
0,Chemical_SHC_Pump/Specific_Gravity,1.206,Double
0,Chemical_SHC_Pump/HOA,2,Int16
0,Chemical_SHC_Pump/Req_Run,TRUE,Boolean
0,Chemical_SHC_Pump/Req_Speed,93,Double
0,Chemical_SHC_Pump/Req_Dose,1.23,Double
0,Chemical_SHC_Pump/Req_Alarm_Reset,FALSE,Boolean
0,Chemical_SHC_Pump/Alarm_Fail_To_Respond,FALSE,Boolean
0,Chemical_SHC_Pump/Alarm_Fail_To_Respond_Delay,3,Double
0,Chemical_SHC_Pump/Alarm_Fail_To_Respond_Enable,TRUE,Boolean
0,Chemical_SHC_Pump/Alarm_Fault,FALSE,Boolean
0,Chemical_SHC_Pump/Alarm_Fault_Delay,3,Double
0,Chemical_SHC_Pump/Alarm_Fault_Enable,TRUE,Boolean
0,Chemical_SHC_Pump/Rotations_CD,125,Int64
0,Chemical_SHC_Pump/Rotations_PD,238,Int64
0,Chemical_SHC_Pump/Rotations_CM,13234,Int64
0,Chemical_SHC_Pump/Rotations_PM,37543,Int64
0,Chemical_SHC_Pump/Rotations_TOT,3484595,Int64
0,Chemical_SHC_Pump/Rotations_TOT_Reset,FALSE,Boolean
0,Chemical_FL_Pump/Status_Running,"sine(0,2,3000)",Boolean
0,Chemical_FL_Pump/Status_Remote,TRUE,Boolean
0,Chemical_FL_Pump/Status_Permissive,TRUE,Boolean
0,Chemical_FL_Pump/Status_Speed,"sine(56,78,30)",Double
0,Chemical_FL_Pump/Status_Flow_Pace,"sine(1.8,2.7,30)",Double
0,Chemical_FL_Pump/Status_Pump_Vol_Flow,"sine(33,58,30)",Double
0,Chemical_FL_Pump/Status_Pump_Mass_Flow,"sine(171,383,30)",Double
0,Chemical_FL_Pump/Pump_Rating,40,Double
0,Chemical_FL_Pump/Solution_Percentage,8,Double
0,Chemical_FL_Pump/Specific_Gravity,1.206,Double
0,Chemical_FL_Pump/HOA,2,Int16
0,Chemical_FL_Pump/Req_Run,TRUE,Boolean
0,Chemical_FL_Pump/Req_Speed,93,Double
0,Chemical_FL_Pump/Req_Dose,1.23,Double
0,Chemical_FL_Pump/Req_Alarm_Reset,FALSE,Boolean
0,Chemical_FL_Pump/Alarm_Fail_To_Respond,FALSE,Boolean
0,Chemical_FL_Pump/Alarm_Fail_To_Respond_Delay,3,Double
0,Chemical_FL_Pump/Alarm_Fail_To_Respond_Enable,TRUE,Boolean
0,Chemical_FL_Pump/Alarm_Fault,FALSE,Boolean
0,Chemical_FL_Pump/Alarm_Fault_Delay,3,Double
0,Chemical_FL_Pump/Alarm_Fault_Enable,TRUE,Boolean
0,Chemical_FL_Pump/Rotations_CD,125,Int64
0,Chemical_FL_Pump/Rotations_PD,238,Int64
0,Chemical_FL_Pump/Rotations_CM,13234,Int64
0,Chemical_FL_Pump/Rotations_PM,37543,Int64
0,Chemical_FL_Pump/Rotations_TOT,3484595,Int64
0,Chemical_FL_Pump/Rotations_TOT_Reset,FALSE,Boolean
0,Chemical_CL2_Analyzer/Value,"sine(.90,1.2,1000,true)",Double
0,Chemical_CL2_Analyzer/Max,5,Double
0,Chemical_CL2_Analyzer/Min,0,Double
0,Chemical_CL2_Analyzer/SIM,FALSE,Boolean
0,Chemical_CL2_Analyzer/CAL,FALSE,Boolean
0,Chemical_CL2_Analyzer/Alarm_HiHi_Alm,FALSE,Boolean
0,Chemical_CL2_Analyzer/Alarm_HiHi_Delay,5,Double
0,Chemical_CL2_Analyzer/Alarm_HiHi_Enable,TRUE,Boolean
0,Chemical_CL2_Analyzer/Alarm_HiHi_SP,2.5,Double
0,Chemical_CL2_Analyzer/Alarm_Hi_Alm,FALSE,Boolean
0,Chemical_CL2_Analyzer/Alarm_Hi_Delay,5,Double
0,Chemical_CL2_Analyzer/Alarm_Hi_Enable,TRUE,Boolean
0,Chemical_CL2_Analyzer/Alarm_Hi_SP,2,Double
0,Chemical_CL2_Analyzer/Alarm_Lo_Alm,FALSE,Boolean
0,Chemical_CL2_Analyzer/Alarm_Lo_Delay,5,Double
0,Chemical_CL2_Analyzer/Alarm_Lo_Enable,TRUE,Boolean
0,Chemical_CL2_Analyzer/Alarm_Lo_SP,0.5,Double
0,Chemical_CL2_Analyzer/Alarm_LoLo_Alm,FALSE,Boolean
0,Chemical_CL2_Analyzer/Alarm_LoLo_Delay,5,Double
0,Chemical_CL2_Analyzer/Alarm_LoLo_Enable,TRUE,Boolean
0,Chemical_CL2_Analyzer/Alarm_LoLo_SP,0.3,Double
0,Chemical_FL_Analyzer/Value,"sine(.83,1.045,1000,true)",Double
0,Chemical_FL_Analyzer/Max,5,Double
0,Chemical_FL_Analyzer/Min,0,Double
0,Chemical_FL_Analyzer/SIM,FALSE,Boolean
0,Chemical_FL_Analyzer/CAL,FALSE,Boolean
0,Chemical_FL_Analyzer/Alarm_HiHi_Alm,FALSE,Boolean
0,Chemical_FL_Analyzer/Alarm_HiHi_Delay,5,Double
0,Chemical_FL_Analyzer/Alarm_HiHi_Enable,TRUE,Boolean
0,Chemical_FL_Analyzer/Alarm_HiHi_SP,2.5,Double
0,Chemical_FL_Analyzer/Alarm_Hi_Alm,FALSE,Boolean
0,Chemical_FL_Analyzer/Alarm_Hi_Delay,5,Double
0,Chemical_FL_Analyzer/Alarm_Hi_Enable,TRUE,Boolean
0,Chemical_FL_Analyzer/Alarm_Hi_SP,2,Double
0,Chemical_FL_Analyzer/Alarm_Lo_Alm,FALSE,Boolean
0,Chemical_FL_Analyzer/Alarm_Lo_Delay,5,Double
0,Chemical_FL_Analyzer/Alarm_Lo_Enable,TRUE,Boolean
0,Chemical_FL_Analyzer/Alarm_Lo_SP,0.5,Double
0,Chemical_FL_Analyzer/Alarm_LoLo_Alm,FALSE,Boolean
0,Chemical_FL_Analyzer/Alarm_LoLo_Delay,5,Double
0,Chemical_FL_Analyzer/Alarm_LoLo_Enable,TRUE,Boolean
0,Chemical_FL_Analyzer/Alarm_LoLo_SP,0.3,Double
0,Stripper_Blower1/Status_Running,TRUE,Boolean
0,Stripper_Blower1/Status_Remote,TRUE,Boolean
0,Stripper_Blower1/Status_Permissive,TRUE,Boolean
0,Stripper_Blower1/Status_Speed,"sine(87,95,30)",Double
0,Stripper_Blower1/Req_Start,TRUE,Boolean
0,Stripper_Blower1/Req_Stop,FALSE,Boolean
0,Stripper_Blower1/Req_Auto,TRUE,Boolean
0,Stripper_Blower1/Req_Manual,FALSE,Boolean
0,Stripper_Blower1/Req_Speed,93,Double
0,Stripper_Blower1/OOS,FALSE,Boolean
0,Stripper_Blower1/Status_Interlock1,FALSE,Boolean
0,Stripper_Blower1/Status_Interlock2,FALSE,Boolean
0,Stripper_Blower1/Status_Interlock3,FALSE,Boolean
0,Stripper_Blower1/Req_Alarm_Reset,FALSE,Boolean
0,Stripper_Blower1/Alarm_Fail_To_Start,FALSE,Boolean
0,Stripper_Blower1/Alarm_Fail_To_Start_Delay,3,Double
0,Stripper_Blower1/Alarm_Fail_To_Start_Enable,TRUE,Boolean
0,Stripper_Blower1/Alarm_Overload,FALSE,Boolean
0,Stripper_Blower1/Alarm_Overload_Delay,3,Double
0,Stripper_Blower1/Alarm_Overload_Enable,TRUE,Boolean
0,Stripper_Blower1/Alarm_HighTemp,FALSE,Boolean
0,Stripper_Blower1/Alarm_HighTemp_Delay,3,Double
0,Stripper_Blower1/Alarm_HighTemp_Enable,TRUE,Boolean
0,Stripper_Blower1/Alarm_VFD,FALSE,Boolean
0,Stripper_Blower1/Alarm_VFD_Delay,3,Double
0,Stripper_Blower1/Alarm_VFD_Enable,TRUE,Boolean
0,Stripper_Blower1/Cycles_CD,12,Int64
0,Stripper_Blower1/Cycles_PD,23,Int64
0,Stripper_Blower1/Cycles_CM,132,Int64
0,Stripper_Blower1/Cycles_PM,375,Int64
0,Stripper_Blower1/Cycles_TOT,38745,Int64
0,Stripper_Blower1/Cycles_TOT_Reset,FALSE,Boolean
0,Stripper_Blower1/Runtime_CD,"ramp(3,16,17280)",Double
0,Stripper_Blower1/Runtime_PD,"ramp(12,18,17280)",Double
0,Stripper_Blower1/Runtime_CM,"ramp(67,150,518400)",Double
0,Stripper_Blower1/Runtime_PM,122.3,Double
0,Stripper_Blower1/Runtime_TOT,"ramp(376,30000,6220800)",Double
0,Stripper_Blower1/Runtime_TOT_Reset,FALSE,Boolean
0,Stripper_Blower1/VFD_Hertz,"sine(54,57,30)",Double
0,Stripper_Blower1/VFD_Amps,"sine(120, 130,30)",Double
0,Stripper_Blower1/VFD_Volts,"sine(472,481,30)",Double
0,Stripper_Blower1/VFD_Torque,"sine(131,139,30)",Double
0,Stripper_Blower1/VFD_Power,"sine(14.721,14.943,30)",Double
0,Stripper_Blower2/Status_Running,FALSE,Boolean
0,Stripper_Blower2/Status_Remote,TRUE,Boolean
0,Stripper_Blower2/Status_Permissive,TRUE,Boolean
0,Stripper_Blower2/Status_Speed,0,Double
0,Stripper_Blower2/Req_Start,TRUE,Boolean
0,Stripper_Blower2/Req_Stop,FALSE,Boolean
0,Stripper_Blower2/Req_Auto,TRUE,Boolean
0,Stripper_Blower2/Req_Manual,FALSE,Boolean
0,Stripper_Blower2/Req_Speed,93,Double
0,Stripper_Blower2/OOS,FALSE,Boolean
0,Stripper_Blower2/Status_Interlock1,FALSE,Boolean
0,Stripper_Blower2/Status_Interlock2,FALSE,Boolean
0,Stripper_Blower2/Status_Interlock3,FALSE,Boolean
0,Stripper_Blower2/Req_Alarm_Reset,FALSE,Boolean
0,Stripper_Blower2/Alarm_Fail_To_Start,FALSE,Boolean
0,Stripper_Blower2/Alarm_Fail_To_Start_Delay,3,Double
0,Stripper_Blower2/Alarm_Fail_To_Start_Enable,TRUE,Boolean
0,Stripper_Blower2/Alarm_Overload,FALSE,Boolean
0,Stripper_Blower2/Alarm_Overload_Delay,3,Double
0,Stripper_Blower2/Alarm_Overload_Enable,TRUE,Boolean
0,Stripper_Blower2/Alarm_HighTemp,FALSE,Boolean
0,Stripper_Blower2/Alarm_HighTemp_Delay,3,Double
0,Stripper_Blower2/Alarm_HighTemp_Enable,TRUE,Boolean
0,Stripper_Blower2/Alarm_VFD,FALSE,Boolean
0,Stripper_Blower2/Alarm_VFD_Delay,3,Double
0,Stripper_Blower2/Alarm_VFD_Enable,TRUE,Boolean
0,Stripper_Blower2/Cycles_CD,12,Int64
0,Stripper_Blower2/Cycles_PD,23,Int64
0,Stripper_Blower2/Cycles_CM,132,Int64
0,Stripper_Blower2/Cycles_PM,375,Int64
0,Stripper_Blower2/Cycles_TOT,24845,Int64
0,Stripper_Blower2/Cycles_TOT_Reset,FALSE,Boolean
0,Stripper_Blower2/Runtime_CD,"ramp(3,16,17280)",Double
0,Stripper_Blower2/Runtime_PD,"ramp(11,18,17280)",Double
0,Stripper_Blower2/Runtime_CM,"ramp(67,150,518400)",Double
0,Stripper_Blower2/Runtime_PM,122.3,Double
0,Stripper_Blower2/Runtime_TOT,"ramp(376,22000,6220800)",Double
0,Stripper_Blower2/Runtime_TOT_Reset,FALSE,Boolean
0,Stripper_Blower2/VFD_Hertz,"sine(54,57,30)",Double
0,Stripper_Blower2/VFD_Amps,"sine(120, 130,30)",Double
0,Stripper_Blower2/VFD_Volts,"sine(472,481,30)",Double
0,Stripper_Blower2/VFD_Torque,"sine(131,139,30)",Double
0,Stripper_Blower2/VFD_Power,"sine(14.721,14.943,30)",Double
0,Stripper_Blower3/Status_Running,TRUE,Boolean
0,Stripper_Blower3/Status_Remote,TRUE,Boolean
0,Stripper_Blower3/Status_Permissive,TRUE,Boolean
0,Stripper_Blower3/Status_Speed,"sine(82,89,30)",Double
0,Stripper_Blower3/Req_Start,TRUE,Boolean
0,Stripper_Blower3/Req_Stop,FALSE,Boolean
0,Stripper_Blower3/Req_Auto,TRUE,Boolean
0,Stripper_Blower3/Req_Manual,FALSE,Boolean
0,Stripper_Blower3/Req_Speed,93,Double
0,Stripper_Blower3/OOS,FALSE,Boolean
0,Stripper_Blower3/Status_Interlock1,FALSE,Boolean
0,Stripper_Blower3/Status_Interlock2,FALSE,Boolean
0,Stripper_Blower3/Status_Interlock3,FALSE,Boolean
0,Stripper_Blower3/Req_Alarm_Reset,FALSE,Boolean
0,Stripper_Blower3/Alarm_Fail_To_Start,FALSE,Boolean
0,Stripper_Blower3/Alarm_Fail_To_Start_Delay,3,Double
0,Stripper_Blower3/Alarm_Fail_To_Start_Enable,TRUE,Boolean
0,Stripper_Blower3/Alarm_Overload,FALSE,Boolean
0,Stripper_Blower3/Alarm_Overload_Delay,3,Double
0,Stripper_Blower3/Alarm_Overload_Enable,TRUE,Boolean
0,Stripper_Blower3/Alarm_HighTemp,FALSE,Boolean
0,Stripper_Blower3/Alarm_HighTemp_Delay,3,Double
0,Stripper_Blower3/Alarm_HighTemp_Enable,TRUE,Boolean
0,Stripper_Blower3/Alarm_VFD,FALSE,Boolean
0,Stripper_Blower3/Alarm_VFD_Delay,3,Double
0,Stripper_Blower3/Alarm_VFD_Enable,TRUE,Boolean
0,Stripper_Blower3/Cycles_CD,12,Int64
0,Stripper_Blower3/Cycles_PD,23,Int64
0,Stripper_Blower3/Cycles_CM,132,Int64
0,Stripper_Blower3/Cycles_PM,375,Int64
0,Stripper_Blower3/Cycles_TOT,51045,Int64
0,Stripper_Blower3/Cycles_TOT_Reset,FALSE,Boolean
0,Stripper_Blower3/Runtime_CD,"ramp(3,16,17280)",Double
0,Stripper_Blower3/Runtime_PD,"ramp(13,19,17280)",Double
0,Stripper_Blower3/Runtime_CM,"ramp(67,150,518400)",Double
0,Stripper_Blower3/Runtime_PM,122.3,Double
0,Stripper_Blower3/Runtime_TOT,"ramp(51000,59000,6220800)",Double
0,Stripper_Blower3/Runtime_TOT_Reset,FALSE,Boolean
0,Stripper_Blower3/VFD_Hertz,"sine(54,57,30)",Double
0,Stripper_Blower3/VFD_Amps,"sine(120, 130,30)",Double
0,Stripper_Blower3/VFD_Volts,"sine(472,481,30)",Double
0,Stripper_Blower3/VFD_Torque,"sine(131,139,30)",Double
0,Stripper_Blower3/VFD_Power,"sine(14.721,14.943,30)",Double
0,Stripper_Blower4/Status_Running,FALSE,Boolean
0,Stripper_Blower4/Status_Remote,TRUE,Boolean
0,Stripper_Blower4/Status_Permissive,TRUE,Boolean
0,Stripper_Blower4/Status_Speed,0,Double
0,Stripper_Blower4/Req_Start,TRUE,Boolean
0,Stripper_Blower4/Req_Stop,TRUE,Boolean
0,Stripper_Blower4/Req_Auto,FALSE,Boolean
0,Stripper_Blower4/Req_Manual,FALSE,Boolean
0,Stripper_Blower4/Req_Speed,93,Double
0,Stripper_Blower4/OOS,FALSE,Boolean
0,Stripper_Blower4/Status_Interlock1,FALSE,Boolean
0,Stripper_Blower4/Status_Interlock2,FALSE,Boolean
0,Stripper_Blower4/Status_Interlock3,FALSE,Boolean
0,Stripper_Blower4/Req_Alarm_Reset,FALSE,Boolean
0,Stripper_Blower4/Alarm_Fail_To_Start,FALSE,Boolean
0,Stripper_Blower4/Alarm_Fail_To_Start_Delay,3,Double
0,Stripper_Blower4/Alarm_Fail_To_Start_Enable,TRUE,Boolean
0,Stripper_Blower4/Alarm_Overload,FALSE,Boolean
0,Stripper_Blower4/Alarm_Overload_Delay,3,Double
0,Stripper_Blower4/Alarm_Overload_Enable,TRUE,Boolean
0,Stripper_Blower4/Alarm_HighTemp,FALSE,Boolean
0,Stripper_Blower4/Alarm_HighTemp_Delay,3,Double
0,Stripper_Blower4/Alarm_HighTemp_Enable,TRUE,Boolean
0,Stripper_Blower4/Alarm_VFD,TRUE,Boolean
0,Stripper_Blower4/Alarm_VFD_Delay,3,Double
0,Stripper_Blower4/Alarm_VFD_Enable,TRUE,Boolean
0,Stripper_Blower4/Cycles_CD,12,Int64
0,Stripper_Blower4/Cycles_PD,23,Int64
0,Stripper_Blower4/Cycles_CM,132,Int64
0,Stripper_Blower4/Cycles_PM,375,Int64
0,Stripper_Blower4/Cycles_TOT,28492,Int64
0,Stripper_Blower4/Cycles_TOT_Reset,FALSE,Boolean
0,Stripper_Blower4/Runtime_CD,"ramp(3,16,17280)",Double
0,Stripper_Blower4/Runtime_PD,"ramp(13,21,17280)",Double
0,Stripper_Blower4/Runtime_CM,"ramp(67,150,518400)",Double
0,Stripper_Blower4/Runtime_PM,122.3,Double
0,Stripper_Blower4/Runtime_TOT,"ramp(376,35000,6220800)",Double
0,Stripper_Blower4/Runtime_TOT_Reset,FALSE,Boolean
0,Stripper_Blower4/VFD_Hertz,"sine(54,57,30)",Double
0,Stripper_Blower4/VFD_Amps,"sine(120, 130,30)",Double
0,Stripper_Blower4/VFD_Volts,"sine(472,481,30)",Double
0,Stripper_Blower4/VFD_Torque,"sine(131,139,30)",Double
0,Stripper_Blower4/VFD_Power,"sine(14.721,14.943,30)",Double
0,Clearwell_Pump_PID/PV,"sine(70,80,1000,true)",Double
0,Clearwell_Pump_PID/SO,"sine(89,93,1000,true)",Double
0,Clearwell_Pump_PID/SP,75,Double
0,Clearwell_Pump_PID/MO,FALSE,Boolean
0,Clearwell_Pump_PID/SWM,FALSE,Boolean
0,Clearwell_Pump_PID/KD,0.001,Double
0,Clearwell_Pump_PID/KI,2.34,Double
0,Clearwell_Pump_PID/KP,0.0345,Double
0,Well1_ON_Setpoint,51,Double
0,Well1_OFF_Setpoint,65,Double
0,Well2_ON_Setpoint,52,Double
0,Well2_OFF_Setpoint,65,Double
0,Well3_ON_Setpoint,53,Double
0,Well3_OFF_Setpoint,65,Double
0,Well4_ON_Setpoint,54,Double
0,Well4_OFF_Setpoint,65,Double
0,Well5_ON_Setpoint,55,Double
0,Well5_OFF_Setpoint,65,Double
0,Clearwell_Pump_Sequencer/Auto_Enabled,TRUE,Boolean
0,Clearwell_Pump_Sequencer/Req_Rotate,FALSE,Boolean
0,Clearwell_Pump_Sequencer/Req_Save,FALSE,Boolean
0,Clearwell_Pump_Sequencer/Lead_Call,TRUE,Boolean
0,Clearwell_Pump_Sequencer/Lead_Ready,TRUE,Boolean
0,Clearwell_Pump_Sequencer/Lead_Assignment,3,Int64
0,Clearwell_Pump_Sequencer/Lead_Assignment_Req,3,Int64
0,Clearwell_Pump_Sequencer/Lead_Start_SP,80,Double
0,Clearwell_Pump_Sequencer/Lead_Stop_SP,85.2,Double
0,Clearwell_Pump_Sequencer/Lead_Start_Delay,20,Double
0,Clearwell_Pump_Sequencer/Lead_Stop_Delay,20,Double
0,Clearwell_Pump_Sequencer/Lag1_Call,TRUE,Boolean
0,Clearwell_Pump_Sequencer/Lag1_Ready,TRUE,Boolean
0,Clearwell_Pump_Sequencer/Lag1_Assignment,1,Int64
0,Clearwell_Pump_Sequencer/Lag1_Assignment_Req,1,Int64
0,Clearwell_Pump_Sequencer/Lag1_Start_SP,78,Double
0,Clearwell_Pump_Sequencer/Lag1_Stop_SP,81,Double
0,Clearwell_Pump_Sequencer/Lag1_Start_Delay,20,Double
0,Clearwell_Pump_Sequencer/Lag1_Stop_Delay,20,Double
0,Clearwell_Pump_Sequencer/Lag2_Call,FALSE,Boolean
0,Clearwell_Pump_Sequencer/Lag2_Ready,TRUE,Boolean
0,Clearwell_Pump_Sequencer/Lag2_Assignment,5,Int64
0,Clearwell_Pump_Sequencer/Lag2_Assignment_Req,5,Int64
0,Clearwell_Pump_Sequencer/Lag2_Start_SP,75,Double
0,Clearwell_Pump_Sequencer/Lag2_Stop_SP,79,Double
0,Clearwell_Pump_Sequencer/Lag2_Start_Delay,20,Double
0,Clearwell_Pump_Sequencer/Lag2_Stop_Delay,20,Double
0,Clearwell_Pump_Sequencer/Lag3_Call,FALSE,Boolean
0,Clearwell_Pump_Sequencer/Lag3_Ready,TRUE,Boolean
0,Clearwell_Pump_Sequencer/Lag3_Assignment,2,Int64
0,Clearwell_Pump_Sequencer/Lag3_Assignment_Req,2,Int64
0,Clearwell_Pump_Sequencer/Lag3_Start_SP,73,Double
0,Clearwell_Pump_Sequencer/Lag3_Stop_SP,76,Double
0,Clearwell_Pump_Sequencer/Lag3_Start_Delay,20,Double
0,Clearwell_Pump_Sequencer/Lag3_Stop_Delay,20,Double
0,Clearwell_Pump_Sequencer/Lag4_Call,FALSE,Boolean
0,Clearwell_Pump_Sequencer/Lag4_Ready,FALSE,Boolean
0,Clearwell_Pump_Sequencer/Lag4_Assignment,4,Int64
0,Clearwell_Pump_Sequencer/Lag4_Assignment_Req,4,Int64
0,Clearwell_Pump_Sequencer/Lag4_Start_SP,71,Double
0,Clearwell_Pump_Sequencer/Lag4_Stop_SP,74,Double
0,Clearwell_Pump_Sequencer/Lag4_Start_Delay,20,Double
0,Clearwell_Pump_Sequencer/Lag4_Stop_Delay,20,Double
